ISO-10303-21;
HEADER;
/* Generated by software containing ST-Developer
 * from STEP Tools, Inc. (www.steptools.com) 
 */

FILE_DESCRIPTION(
/* description */ ('model of JST_XH_S5B-XH-A-1_1x05_P2.50mm_Horizontal'),

/* implementation_level */ '2;1');

FILE_NAME(
/* name */ 'JST_XH_S5B-XH-A-2_1x05_P2.50mm_Horizontal.step',
/* time_stamp */ '2026-05-28T19:58:38+02:00',
/* author */ (''),
/* organization */ (''),
/* preprocessor_version */ 'ST-DEVELOPER v20.1',
/* originating_system */ 'Autodesk Translation Framework v15.8.0.0',
/* authorisation */ '');

FILE_SCHEMA (('AUTOMOTIVE_DESIGN { 1 0 10303 214 3 1 1 }'));
ENDSEC;

DATA;
#10=MECHANICAL_DESIGN_GEOMETRIC_PRESENTATION_REPRESENTATION('',(#109,#110,
#111,#112,#113,#114,#115,#116,#117,#118,#119,#120,#121,#122,#123,#124,#125,
#126,#127,#128,#129,#130,#131,#132,#133,#134,#135,#136,#137,#138,#139,#140,
#141,#142,#143,#144,#145,#146,#147,#148,#149,#150,#151,#152,#153,#154,#155,
#156,#157,#158,#159,#160,#161,#162,#163,#164,#165,#166,#167,#168,#169,#170,
#171,#172,#173,#174,#175,#176,#177,#178),#5587);
#11=ITEM_DEFINED_TRANSFORMATION($,$,#3518,#3732);
#12=ITEM_DEFINED_TRANSFORMATION($,$,#3617,#3733);
#13=ITEM_DEFINED_TRANSFORMATION($,$,#3640,#3734);
#14=ITEM_DEFINED_TRANSFORMATION($,$,#3663,#3735);
#15=ITEM_DEFINED_TRANSFORMATION($,$,#3686,#3736);
#16=ITEM_DEFINED_TRANSFORMATION($,$,#3709,#3737);
#17=ITEM_DEFINED_TRANSFORMATION($,$,#3517,#3738);
#18=(
REPRESENTATION_RELATIONSHIP($,$,#5617,#5616)
REPRESENTATION_RELATIONSHIP_WITH_TRANSFORMATION(#11)
SHAPE_REPRESENTATION_RELATIONSHIP()
);
#19=(
REPRESENTATION_RELATIONSHIP($,$,#5618,#5616)
REPRESENTATION_RELATIONSHIP_WITH_TRANSFORMATION(#12)
SHAPE_REPRESENTATION_RELATIONSHIP()
);
#20=(
REPRESENTATION_RELATIONSHIP($,$,#5619,#5616)
REPRESENTATION_RELATIONSHIP_WITH_TRANSFORMATION(#13)
SHAPE_REPRESENTATION_RELATIONSHIP()
);
#21=(
REPRESENTATION_RELATIONSHIP($,$,#5620,#5616)
REPRESENTATION_RELATIONSHIP_WITH_TRANSFORMATION(#14)
SHAPE_REPRESENTATION_RELATIONSHIP()
);
#22=(
REPRESENTATION_RELATIONSHIP($,$,#5621,#5616)
REPRESENTATION_RELATIONSHIP_WITH_TRANSFORMATION(#15)
SHAPE_REPRESENTATION_RELATIONSHIP()
);
#23=(
REPRESENTATION_RELATIONSHIP($,$,#5622,#5616)
REPRESENTATION_RELATIONSHIP_WITH_TRANSFORMATION(#16)
SHAPE_REPRESENTATION_RELATIONSHIP()
);
#24=(
REPRESENTATION_RELATIONSHIP($,$,#5616,#5615)
REPRESENTATION_RELATIONSHIP_WITH_TRANSFORMATION(#17)
SHAPE_REPRESENTATION_RELATIONSHIP()
);
#25=CONTEXT_DEPENDENT_SHAPE_REPRESENTATION(#18,#5608);
#26=CONTEXT_DEPENDENT_SHAPE_REPRESENTATION(#19,#5609);
#27=CONTEXT_DEPENDENT_SHAPE_REPRESENTATION(#20,#5610);
#28=CONTEXT_DEPENDENT_SHAPE_REPRESENTATION(#21,#5611);
#29=CONTEXT_DEPENDENT_SHAPE_REPRESENTATION(#22,#5612);
#30=CONTEXT_DEPENDENT_SHAPE_REPRESENTATION(#23,#5613);
#31=CONTEXT_DEPENDENT_SHAPE_REPRESENTATION(#24,#5614);
#32=NEXT_ASSEMBLY_USAGE_OCCURRENCE('House:1','House:1','House:1',#5625,
#5626,'House:1');
#33=NEXT_ASSEMBLY_USAGE_OCCURRENCE('1:1','1:1','1:1',#5625,#5627,'1:1');
#34=NEXT_ASSEMBLY_USAGE_OCCURRENCE('2:1','2:1','2:1',#5625,#5628,'2:1');
#35=NEXT_ASSEMBLY_USAGE_OCCURRENCE('3:1','3:1','3:1',#5625,#5629,'3:1');
#36=NEXT_ASSEMBLY_USAGE_OCCURRENCE('4:1','4:1','4:1',#5625,#5630,'4:1');
#37=NEXT_ASSEMBLY_USAGE_OCCURRENCE('5:1','5:1','5:1',#5625,#5631,'5:1');
#38=NEXT_ASSEMBLY_USAGE_OCCURRENCE('S5B-XH-A:1','S5B-XH-A:1',
'S5B-XH-A:1',#5624,#5625,'S5B-XH-A:1');
#39=SHAPE_REPRESENTATION_RELATIONSHIP('SRR','None',#5617,#45);
#40=SHAPE_REPRESENTATION_RELATIONSHIP('SRR','None',#5618,#46);
#41=SHAPE_REPRESENTATION_RELATIONSHIP('SRR','None',#5619,#47);
#42=SHAPE_REPRESENTATION_RELATIONSHIP('SRR','None',#5620,#48);
#43=SHAPE_REPRESENTATION_RELATIONSHIP('SRR','None',#5621,#49);
#44=SHAPE_REPRESENTATION_RELATIONSHIP('SRR','None',#5622,#50);
#45=ADVANCED_BREP_SHAPE_REPRESENTATION('',(#51),#5581);
#46=ADVANCED_BREP_SHAPE_REPRESENTATION('',(#52),#5582);
#47=ADVANCED_BREP_SHAPE_REPRESENTATION('',(#53),#5583);
#48=ADVANCED_BREP_SHAPE_REPRESENTATION('',(#54),#5584);
#49=ADVANCED_BREP_SHAPE_REPRESENTATION('',(#55),#5585);
#50=ADVANCED_BREP_SHAPE_REPRESENTATION('',(#56),#5586);
#51=MANIFOLD_SOLID_BREP('House',#3443);
#52=MANIFOLD_SOLID_BREP('1',#3444);
#53=MANIFOLD_SOLID_BREP('2',#3445);
#54=MANIFOLD_SOLID_BREP('3',#3446);
#55=MANIFOLD_SOLID_BREP('4',#3447);
#56=MANIFOLD_SOLID_BREP('5',#3448);
#57=CYLINDRICAL_SURFACE('',#3600,0.5);
#58=CYLINDRICAL_SURFACE('',#3603,0.75);
#59=CYLINDRICAL_SURFACE('',#3609,0.75);
#60=CYLINDRICAL_SURFACE('',#3614,0.5);
#61=CYLINDRICAL_SURFACE('',#3622,0.69);
#62=CYLINDRICAL_SURFACE('',#3628,0.05);
#63=CYLINDRICAL_SURFACE('',#3654,0.69);
#64=CYLINDRICAL_SURFACE('',#3659,0.05);
#65=CYLINDRICAL_SURFACE('',#3677,0.69);
#66=CYLINDRICAL_SURFACE('',#3682,0.05);
#67=CYLINDRICAL_SURFACE('',#3691,0.69);
#68=CYLINDRICAL_SURFACE('',#3697,0.05);
#69=CYLINDRICAL_SURFACE('',#3714,0.69);
#70=CYLINDRICAL_SURFACE('',#3720,0.05);
#71=CIRCLE('',#3557,0.5);
#72=CIRCLE('',#3567,0.5);
#73=CIRCLE('',#3579,0.5);
#74=CIRCLE('',#3583,0.5);
#75=CIRCLE('',#3586,0.75);
#76=CIRCLE('',#3587,0.75);
#77=CIRCLE('',#3597,0.75);
#78=CIRCLE('',#3598,0.75);
#79=CIRCLE('',#3623,0.69);
#80=CIRCLE('',#3624,0.69);
#81=CIRCLE('',#3629,0.05);
#82=CIRCLE('',#3630,0.05);
#83=CIRCLE('',#3648,0.69);
#84=CIRCLE('',#3649,0.05);
#85=CIRCLE('',#3655,0.69);
#86=CIRCLE('',#3660,0.05);
#87=CIRCLE('',#3671,0.69);
#88=CIRCLE('',#3672,0.05);
#89=CIRCLE('',#3678,0.69);
#90=CIRCLE('',#3683,0.05);
#91=CIRCLE('',#3692,0.69);
#92=CIRCLE('',#3693,0.69);
#93=CIRCLE('',#3698,0.05);
#94=CIRCLE('',#3699,0.05);
#95=CIRCLE('',#3715,0.69);
#96=CIRCLE('',#3716,0.69);
#97=CIRCLE('',#3721,0.05);
#98=CIRCLE('',#3722,0.05);
#99=FACE_BOUND('',#385,.T.);
#100=FACE_BOUND('',#390,.T.);
#101=FACE_BOUND('',#392,.T.);
#102=FACE_BOUND('',#397,.T.);
#103=FACE_BOUND('',#418,.T.);
#104=FACE_BOUND('',#426,.T.);
#105=FACE_BOUND('',#427,.T.);
#106=FACE_BOUND('',#428,.T.);
#107=FACE_BOUND('',#429,.T.);
#108=FACE_BOUND('',#430,.T.);
#109=STYLED_ITEM('',(#5661),#3288);
#110=STYLED_ITEM('',(#5661),#3289);
#111=STYLED_ITEM('',(#5661),#3290);
#112=STYLED_ITEM('',(#5661),#3291);
#113=STYLED_ITEM('',(#5661),#3292);
#114=STYLED_ITEM('',(#5661),#3293);
#115=STYLED_ITEM('',(#5661),#3294);
#116=STYLED_ITEM('',(#5661),#3295);
#117=STYLED_ITEM('',(#5661),#3296);
#118=STYLED_ITEM('',(#5661),#3297);
#119=STYLED_ITEM('',(#5661),#3298);
#120=STYLED_ITEM('',(#5661),#3299);
#121=STYLED_ITEM('',(#5661),#3300);
#122=STYLED_ITEM('',(#5661),#3301);
#123=STYLED_ITEM('',(#5661),#3302);
#124=STYLED_ITEM('',(#5661),#3303);
#125=STYLED_ITEM('',(#5661),#3304);
#126=STYLED_ITEM('',(#5661),#3305);
#127=STYLED_ITEM('',(#5661),#3306);
#128=STYLED_ITEM('',(#5661),#3307);
#129=STYLED_ITEM('',(#5661),#3308);
#130=STYLED_ITEM('',(#5661),#3309);
#131=STYLED_ITEM('',(#5661),#3310);
#132=STYLED_ITEM('',(#5661),#3311);
#133=STYLED_ITEM('',(#5661),#3312);
#134=STYLED_ITEM('',(#5661),#3313);
#135=STYLED_ITEM('',(#5661),#3314);
#136=STYLED_ITEM('',(#5661),#3315);
#137=STYLED_ITEM('',(#5661),#3316);
#138=STYLED_ITEM('',(#5661),#3317);
#139=STYLED_ITEM('',(#5661),#3318);
#140=STYLED_ITEM('',(#5661),#3319);
#141=STYLED_ITEM('',(#5661),#3320);
#142=STYLED_ITEM('',(#5661),#3321);
#143=STYLED_ITEM('',(#5661),#3322);
#144=STYLED_ITEM('',(#5661),#3323);
#145=STYLED_ITEM('',(#5661),#3325);
#146=STYLED_ITEM('',(#5661),#3326);
#147=STYLED_ITEM('',(#5661),#3327);
#148=STYLED_ITEM('',(#5661),#3328);
#149=STYLED_ITEM('',(#5661),#3329);
#150=STYLED_ITEM('',(#5661),#3330);
#151=STYLED_ITEM('',(#5661),#3331);
#152=STYLED_ITEM('',(#5661),#3332);
#153=STYLED_ITEM('',(#5661),#3333);
#154=STYLED_ITEM('',(#5661),#3334);
#155=STYLED_ITEM('',(#5661),#3335);
#156=STYLED_ITEM('',(#5661),#3336);
#157=STYLED_ITEM('',(#5661),#3337);
#158=STYLED_ITEM('',(#5661),#3338);
#159=STYLED_ITEM('',(#5661),#3339);
#160=STYLED_ITEM('',(#5661),#3340);
#161=STYLED_ITEM('',(#5661),#3341);
#162=STYLED_ITEM('',(#5661),#3342);
#163=STYLED_ITEM('',(#5661),#3343);
#164=STYLED_ITEM('',(#5661),#3344);
#165=STYLED_ITEM('',(#5661),#3345);
#166=STYLED_ITEM('',(#5661),#3346);
#167=STYLED_ITEM('',(#5661),#3347);
#168=STYLED_ITEM('',(#5661),#3348);
#169=STYLED_ITEM('',(#5661),#3349);
#170=STYLED_ITEM('',(#5661),#3350);
#171=STYLED_ITEM('',(#5661),#3351);
#172=STYLED_ITEM('',(#5661),#3352);
#173=STYLED_ITEM('',(#5660),#51);
#174=STYLED_ITEM('',(#5662),#52);
#175=STYLED_ITEM('',(#5662),#53);
#176=STYLED_ITEM('',(#5662),#54);
#177=STYLED_ITEM('',(#5662),#55);
#178=STYLED_ITEM('',(#5662),#56);
#179=FACE_OUTER_BOUND('',#359,.T.);
#180=FACE_OUTER_BOUND('',#360,.T.);
#181=FACE_OUTER_BOUND('',#361,.T.);
#182=FACE_OUTER_BOUND('',#362,.T.);
#183=FACE_OUTER_BOUND('',#363,.T.);
#184=FACE_OUTER_BOUND('',#364,.T.);
#185=FACE_OUTER_BOUND('',#365,.T.);
#186=FACE_OUTER_BOUND('',#366,.T.);
#187=FACE_OUTER_BOUND('',#367,.T.);
#188=FACE_OUTER_BOUND('',#368,.T.);
#189=FACE_OUTER_BOUND('',#369,.T.);
#190=FACE_OUTER_BOUND('',#370,.T.);
#191=FACE_OUTER_BOUND('',#371,.T.);
#192=FACE_OUTER_BOUND('',#372,.T.);
#193=FACE_OUTER_BOUND('',#373,.T.);
#194=FACE_OUTER_BOUND('',#374,.T.);
#195=FACE_OUTER_BOUND('',#375,.T.);
#196=FACE_OUTER_BOUND('',#376,.T.);
#197=FACE_OUTER_BOUND('',#377,.T.);
#198=FACE_OUTER_BOUND('',#378,.T.);
#199=FACE_OUTER_BOUND('',#379,.T.);
#200=FACE_OUTER_BOUND('',#380,.T.);
#201=FACE_OUTER_BOUND('',#381,.T.);
#202=FACE_OUTER_BOUND('',#382,.T.);
#203=FACE_OUTER_BOUND('',#383,.T.);
#204=FACE_OUTER_BOUND('',#384,.T.);
#205=FACE_OUTER_BOUND('',#386,.T.);
#206=FACE_OUTER_BOUND('',#387,.T.);
#207=FACE_OUTER_BOUND('',#388,.T.);
#208=FACE_OUTER_BOUND('',#389,.T.);
#209=FACE_OUTER_BOUND('',#391,.T.);
#210=FACE_OUTER_BOUND('',#393,.T.);
#211=FACE_OUTER_BOUND('',#394,.T.);
#212=FACE_OUTER_BOUND('',#395,.T.);
#213=FACE_OUTER_BOUND('',#396,.T.);
#214=FACE_OUTER_BOUND('',#398,.T.);
#215=FACE_OUTER_BOUND('',#399,.T.);
#216=FACE_OUTER_BOUND('',#400,.T.);
#217=FACE_OUTER_BOUND('',#401,.T.);
#218=FACE_OUTER_BOUND('',#402,.T.);
#219=FACE_OUTER_BOUND('',#403,.T.);
#220=FACE_OUTER_BOUND('',#404,.T.);
#221=FACE_OUTER_BOUND('',#405,.T.);
#222=FACE_OUTER_BOUND('',#406,.T.);
#223=FACE_OUTER_BOUND('',#407,.T.);
#224=FACE_OUTER_BOUND('',#408,.T.);
#225=FACE_OUTER_BOUND('',#409,.T.);
#226=FACE_OUTER_BOUND('',#410,.T.);
#227=FACE_OUTER_BOUND('',#411,.T.);
#228=FACE_OUTER_BOUND('',#412,.T.);
#229=FACE_OUTER_BOUND('',#413,.T.);
#230=FACE_OUTER_BOUND('',#414,.T.);
#231=FACE_OUTER_BOUND('',#415,.T.);
#232=FACE_OUTER_BOUND('',#416,.T.);
#233=FACE_OUTER_BOUND('',#417,.T.);
#234=FACE_OUTER_BOUND('',#419,.T.);
#235=FACE_OUTER_BOUND('',#420,.T.);
#236=FACE_OUTER_BOUND('',#421,.T.);
#237=FACE_OUTER_BOUND('',#422,.T.);
#238=FACE_OUTER_BOUND('',#423,.T.);
#239=FACE_OUTER_BOUND('',#424,.T.);
#240=FACE_OUTER_BOUND('',#425,.T.);
#241=FACE_OUTER_BOUND('',#431,.T.);
#242=FACE_OUTER_BOUND('',#432,.T.);
#243=FACE_OUTER_BOUND('',#433,.T.);
#244=FACE_OUTER_BOUND('',#434,.T.);
#245=FACE_OUTER_BOUND('',#435,.T.);
#246=FACE_OUTER_BOUND('',#436,.T.);
#247=FACE_OUTER_BOUND('',#437,.T.);
#248=FACE_OUTER_BOUND('',#438,.T.);
#249=FACE_OUTER_BOUND('',#439,.T.);
#250=FACE_OUTER_BOUND('',#440,.T.);
#251=FACE_OUTER_BOUND('',#441,.T.);
#252=FACE_OUTER_BOUND('',#442,.T.);
#253=FACE_OUTER_BOUND('',#443,.T.);
#254=FACE_OUTER_BOUND('',#444,.T.);
#255=FACE_OUTER_BOUND('',#445,.T.);
#256=FACE_OUTER_BOUND('',#446,.T.);
#257=FACE_OUTER_BOUND('',#447,.T.);
#258=FACE_OUTER_BOUND('',#448,.T.);
#259=FACE_OUTER_BOUND('',#449,.T.);
#260=FACE_OUTER_BOUND('',#450,.T.);
#261=FACE_OUTER_BOUND('',#451,.T.);
#262=FACE_OUTER_BOUND('',#452,.T.);
#263=FACE_OUTER_BOUND('',#453,.T.);
#264=FACE_OUTER_BOUND('',#454,.T.);
#265=FACE_OUTER_BOUND('',#455,.T.);
#266=FACE_OUTER_BOUND('',#456,.T.);
#267=FACE_OUTER_BOUND('',#457,.T.);
#268=FACE_OUTER_BOUND('',#458,.T.);
#269=FACE_OUTER_BOUND('',#459,.T.);
#270=FACE_OUTER_BOUND('',#460,.T.);
#271=FACE_OUTER_BOUND('',#461,.T.);
#272=FACE_OUTER_BOUND('',#462,.T.);
#273=FACE_OUTER_BOUND('',#463,.T.);
#274=FACE_OUTER_BOUND('',#464,.T.);
#275=FACE_OUTER_BOUND('',#465,.T.);
#276=FACE_OUTER_BOUND('',#466,.T.);
#277=FACE_OUTER_BOUND('',#467,.T.);
#278=FACE_OUTER_BOUND('',#468,.T.);
#279=FACE_OUTER_BOUND('',#469,.T.);
#280=FACE_OUTER_BOUND('',#470,.T.);
#281=FACE_OUTER_BOUND('',#471,.T.);
#282=FACE_OUTER_BOUND('',#472,.T.);
#283=FACE_OUTER_BOUND('',#473,.T.);
#284=FACE_OUTER_BOUND('',#474,.T.);
#285=FACE_OUTER_BOUND('',#475,.T.);
#286=FACE_OUTER_BOUND('',#476,.T.);
#287=FACE_OUTER_BOUND('',#477,.T.);
#288=FACE_OUTER_BOUND('',#478,.T.);
#289=FACE_OUTER_BOUND('',#479,.T.);
#290=FACE_OUTER_BOUND('',#480,.T.);
#291=FACE_OUTER_BOUND('',#481,.T.);
#292=FACE_OUTER_BOUND('',#482,.T.);
#293=FACE_OUTER_BOUND('',#483,.T.);
#294=FACE_OUTER_BOUND('',#484,.T.);
#295=FACE_OUTER_BOUND('',#485,.T.);
#296=FACE_OUTER_BOUND('',#486,.T.);
#297=FACE_OUTER_BOUND('',#487,.T.);
#298=FACE_OUTER_BOUND('',#488,.T.);
#299=FACE_OUTER_BOUND('',#489,.T.);
#300=FACE_OUTER_BOUND('',#490,.T.);
#301=FACE_OUTER_BOUND('',#491,.T.);
#302=FACE_OUTER_BOUND('',#492,.T.);
#303=FACE_OUTER_BOUND('',#493,.T.);
#304=FACE_OUTER_BOUND('',#494,.T.);
#305=FACE_OUTER_BOUND('',#495,.T.);
#306=FACE_OUTER_BOUND('',#496,.T.);
#307=FACE_OUTER_BOUND('',#497,.T.);
#308=FACE_OUTER_BOUND('',#498,.T.);
#309=FACE_OUTER_BOUND('',#499,.T.);
#310=FACE_OUTER_BOUND('',#500,.T.);
#311=FACE_OUTER_BOUND('',#501,.T.);
#312=FACE_OUTER_BOUND('',#502,.T.);
#313=FACE_OUTER_BOUND('',#503,.T.);
#314=FACE_OUTER_BOUND('',#504,.T.);
#315=FACE_OUTER_BOUND('',#505,.T.);
#316=FACE_OUTER_BOUND('',#506,.T.);
#317=FACE_OUTER_BOUND('',#507,.T.);
#318=FACE_OUTER_BOUND('',#508,.T.);
#319=FACE_OUTER_BOUND('',#509,.T.);
#320=FACE_OUTER_BOUND('',#510,.T.);
#321=FACE_OUTER_BOUND('',#511,.T.);
#322=FACE_OUTER_BOUND('',#512,.T.);
#323=FACE_OUTER_BOUND('',#513,.T.);
#324=FACE_OUTER_BOUND('',#514,.T.);
#325=FACE_OUTER_BOUND('',#515,.T.);
#326=FACE_OUTER_BOUND('',#516,.T.);
#327=FACE_OUTER_BOUND('',#517,.T.);
#328=FACE_OUTER_BOUND('',#518,.T.);
#329=FACE_OUTER_BOUND('',#519,.T.);
#330=FACE_OUTER_BOUND('',#520,.T.);
#331=FACE_OUTER_BOUND('',#521,.T.);
#332=FACE_OUTER_BOUND('',#522,.T.);
#333=FACE_OUTER_BOUND('',#523,.T.);
#334=FACE_OUTER_BOUND('',#524,.T.);
#335=FACE_OUTER_BOUND('',#525,.T.);
#336=FACE_OUTER_BOUND('',#526,.T.);
#337=FACE_OUTER_BOUND('',#527,.T.);
#338=FACE_OUTER_BOUND('',#528,.T.);
#339=FACE_OUTER_BOUND('',#529,.T.);
#340=FACE_OUTER_BOUND('',#530,.T.);
#341=FACE_OUTER_BOUND('',#531,.T.);
#342=FACE_OUTER_BOUND('',#532,.T.);
#343=FACE_OUTER_BOUND('',#533,.T.);
#344=FACE_OUTER_BOUND('',#534,.T.);
#345=FACE_OUTER_BOUND('',#535,.T.);
#346=FACE_OUTER_BOUND('',#536,.T.);
#347=FACE_OUTER_BOUND('',#537,.T.);
#348=FACE_OUTER_BOUND('',#538,.T.);
#349=FACE_OUTER_BOUND('',#539,.T.);
#350=FACE_OUTER_BOUND('',#540,.T.);
#351=FACE_OUTER_BOUND('',#541,.T.);
#352=FACE_OUTER_BOUND('',#542,.T.);
#353=FACE_OUTER_BOUND('',#543,.T.);
#354=FACE_OUTER_BOUND('',#544,.T.);
#355=FACE_OUTER_BOUND('',#545,.T.);
#356=FACE_OUTER_BOUND('',#546,.T.);
#357=FACE_OUTER_BOUND('',#547,.T.);
#358=FACE_OUTER_BOUND('',#548,.T.);
#359=EDGE_LOOP('',(#2173,#2174,#2175,#2176));
#360=EDGE_LOOP('',(#2177,#2178,#2179,#2180));
#361=EDGE_LOOP('',(#2181,#2182,#2183,#2184));
#362=EDGE_LOOP('',(#2185,#2186,#2187,#2188));
#363=EDGE_LOOP('',(#2189,#2190,#2191,#2192));
#364=EDGE_LOOP('',(#2193,#2194,#2195,#2196));
#365=EDGE_LOOP('',(#2197,#2198,#2199,#2200));
#366=EDGE_LOOP('',(#2201,#2202,#2203,#2204));
#367=EDGE_LOOP('',(#2205,#2206,#2207,#2208));
#368=EDGE_LOOP('',(#2209,#2210,#2211,#2212));
#369=EDGE_LOOP('',(#2213,#2214,#2215,#2216));
#370=EDGE_LOOP('',(#2217,#2218,#2219,#2220));
#371=EDGE_LOOP('',(#2221,#2222,#2223,#2224));
#372=EDGE_LOOP('',(#2225,#2226,#2227,#2228));
#373=EDGE_LOOP('',(#2229,#2230,#2231,#2232));
#374=EDGE_LOOP('',(#2233,#2234,#2235,#2236));
#375=EDGE_LOOP('',(#2237,#2238,#2239,#2240));
#376=EDGE_LOOP('',(#2241,#2242,#2243,#2244));
#377=EDGE_LOOP('',(#2245,#2246,#2247,#2248));
#378=EDGE_LOOP('',(#2249,#2250,#2251,#2252));
#379=EDGE_LOOP('',(#2253,#2254,#2255,#2256));
#380=EDGE_LOOP('',(#2257,#2258,#2259,#2260));
#381=EDGE_LOOP('',(#2261,#2262,#2263,#2264));
#382=EDGE_LOOP('',(#2265,#2266,#2267,#2268));
#383=EDGE_LOOP('',(#2269,#2270,#2271,#2272));
#384=EDGE_LOOP('',(#2273,#2274,#2275,#2276));
#385=EDGE_LOOP('',(#2277,#2278,#2279,#2280));
#386=EDGE_LOOP('',(#2281,#2282,#2283,#2284,#2285,#2286,#2287));
#387=EDGE_LOOP('',(#2288,#2289,#2290,#2291));
#388=EDGE_LOOP('',(#2292,#2293,#2294,#2295,#2296,#2297,#2298));
#389=EDGE_LOOP('',(#2299,#2300,#2301,#2302));
#390=EDGE_LOOP('',(#2303,#2304,#2305,#2306));
#391=EDGE_LOOP('',(#2307,#2308,#2309,#2310));
#392=EDGE_LOOP('',(#2311,#2312,#2313,#2314));
#393=EDGE_LOOP('',(#2315,#2316,#2317,#2318,#2319,#2320,#2321));
#394=EDGE_LOOP('',(#2322,#2323,#2324,#2325));
#395=EDGE_LOOP('',(#2326,#2327,#2328,#2329,#2330,#2331,#2332));
#396=EDGE_LOOP('',(#2333,#2334,#2335,#2336));
#397=EDGE_LOOP('',(#2337,#2338,#2339,#2340));
#398=EDGE_LOOP('',(#2341,#2342,#2343,#2344,#2345,#2346,#2347));
#399=EDGE_LOOP('',(#2348,#2349,#2350,#2351));
#400=EDGE_LOOP('',(#2352,#2353,#2354,#2355,#2356,#2357,#2358,#2359,#2360));
#401=EDGE_LOOP('',(#2361,#2362,#2363,#2364));
#402=EDGE_LOOP('',(#2365,#2366,#2367,#2368));
#403=EDGE_LOOP('',(#2369,#2370,#2371,#2372,#2373,#2374,#2375,#2376,#2377,
#2378,#2379,#2380,#2381,#2382,#2383,#2384,#2385,#2386,#2387,#2388,#2389,
#2390,#2391,#2392));
#404=EDGE_LOOP('',(#2393,#2394,#2395,#2396));
#405=EDGE_LOOP('',(#2397,#2398,#2399,#2400));
#406=EDGE_LOOP('',(#2401,#2402,#2403,#2404));
#407=EDGE_LOOP('',(#2405,#2406,#2407,#2408));
#408=EDGE_LOOP('',(#2409,#2410,#2411,#2412));
#409=EDGE_LOOP('',(#2413,#2414,#2415,#2416,#2417,#2418,#2419));
#410=EDGE_LOOP('',(#2420,#2421,#2422,#2423));
#411=EDGE_LOOP('',(#2424,#2425,#2426,#2427,#2428,#2429,#2430));
#412=EDGE_LOOP('',(#2431,#2432,#2433,#2434));
#413=EDGE_LOOP('',(#2435,#2436,#2437,#2438,#2439,#2440,#2441));
#414=EDGE_LOOP('',(#2442,#2443,#2444,#2445,#2446,#2447,#2448));
#415=EDGE_LOOP('',(#2449,#2450,#2451,#2452));
#416=EDGE_LOOP('',(#2453,#2454,#2455,#2456,#2457,#2458,#2459));
#417=EDGE_LOOP('',(#2460,#2461,#2462,#2463));
#418=EDGE_LOOP('',(#2464,#2465,#2466,#2467));
#419=EDGE_LOOP('',(#2468,#2469,#2470,#2471,#2472,#2473,#2474));
#420=EDGE_LOOP('',(#2475,#2476,#2477,#2478));
#421=EDGE_LOOP('',(#2479,#2480,#2481,#2482,#2483,#2484,#2485,#2486,#2487));
#422=EDGE_LOOP('',(#2488,#2489,#2490,#2491,#2492,#2493,#2494,#2495));
#423=EDGE_LOOP('',(#2496,#2497,#2498,#2499));
#424=EDGE_LOOP('',(#2500,#2501,#2502,#2503,#2504,#2505,#2506));
#425=EDGE_LOOP('',(#2507,#2508,#2509,#2510));
#426=EDGE_LOOP('',(#2511,#2512,#2513,#2514));
#427=EDGE_LOOP('',(#2515,#2516,#2517,#2518));
#428=EDGE_LOOP('',(#2519,#2520,#2521,#2522));
#429=EDGE_LOOP('',(#2523,#2524,#2525,#2526));
#430=EDGE_LOOP('',(#2527,#2528,#2529,#2530));
#431=EDGE_LOOP('',(#2531,#2532,#2533,#2534,#2535,#2536,#2537,#2538,#2539,
#2540,#2541,#2542,#2543,#2544,#2545,#2546,#2547,#2548,#2549,#2550,#2551,
#2552,#2553,#2554,#2555,#2556,#2557,#2558,#2559,#2560,#2561,#2562,#2563,
#2564,#2565,#2566,#2567,#2568));
#432=EDGE_LOOP('',(#2569,#2570,#2571,#2572));
#433=EDGE_LOOP('',(#2573,#2574,#2575,#2576));
#434=EDGE_LOOP('',(#2577,#2578,#2579,#2580));
#435=EDGE_LOOP('',(#2581,#2582,#2583,#2584));
#436=EDGE_LOOP('',(#2585,#2586,#2587,#2588));
#437=EDGE_LOOP('',(#2589,#2590,#2591,#2592));
#438=EDGE_LOOP('',(#2593,#2594,#2595,#2596));
#439=EDGE_LOOP('',(#2597,#2598,#2599,#2600));
#440=EDGE_LOOP('',(#2601,#2602,#2603,#2604,#2605,#2606,#2607,#2608,#2609,
#2610,#2611,#2612,#2613,#2614,#2615,#2616,#2617,#2618,#2619,#2620,#2621,
#2622));
#441=EDGE_LOOP('',(#2623,#2624,#2625,#2626));
#442=EDGE_LOOP('',(#2627,#2628,#2629,#2630));
#443=EDGE_LOOP('',(#2631,#2632,#2633,#2634));
#444=EDGE_LOOP('',(#2635,#2636,#2637,#2638,#2639));
#445=EDGE_LOOP('',(#2640,#2641,#2642,#2643));
#446=EDGE_LOOP('',(#2644,#2645,#2646,#2647));
#447=EDGE_LOOP('',(#2648,#2649,#2650,#2651));
#448=EDGE_LOOP('',(#2652,#2653,#2654,#2655));
#449=EDGE_LOOP('',(#2656,#2657,#2658,#2659));
#450=EDGE_LOOP('',(#2660,#2661,#2662,#2663));
#451=EDGE_LOOP('',(#2664,#2665,#2666,#2667));
#452=EDGE_LOOP('',(#2668,#2669,#2670,#2671));
#453=EDGE_LOOP('',(#2672,#2673,#2674,#2675));
#454=EDGE_LOOP('',(#2676,#2677,#2678,#2679));
#455=EDGE_LOOP('',(#2680,#2681,#2682,#2683));
#456=EDGE_LOOP('',(#2684,#2685,#2686,#2687));
#457=EDGE_LOOP('',(#2688,#2689,#2690,#2691));
#458=EDGE_LOOP('',(#2692,#2693,#2694,#2695,#2696));
#459=EDGE_LOOP('',(#2697,#2698,#2699,#2700));
#460=EDGE_LOOP('',(#2701,#2702,#2703,#2704));
#461=EDGE_LOOP('',(#2705,#2706,#2707,#2708));
#462=EDGE_LOOP('',(#2709,#2710,#2711,#2712));
#463=EDGE_LOOP('',(#2713,#2714,#2715,#2716));
#464=EDGE_LOOP('',(#2717,#2718,#2719,#2720));
#465=EDGE_LOOP('',(#2721,#2722,#2723,#2724));
#466=EDGE_LOOP('',(#2725,#2726,#2727,#2728));
#467=EDGE_LOOP('',(#2729,#2730,#2731,#2732));
#468=EDGE_LOOP('',(#2733,#2734,#2735,#2736));
#469=EDGE_LOOP('',(#2737,#2738,#2739,#2740,#2741,#2742,#2743,#2744));
#470=EDGE_LOOP('',(#2745,#2746,#2747,#2748));
#471=EDGE_LOOP('',(#2749,#2750,#2751,#2752));
#472=EDGE_LOOP('',(#2753,#2754,#2755,#2756));
#473=EDGE_LOOP('',(#2757,#2758,#2759,#2760));
#474=EDGE_LOOP('',(#2761,#2762,#2763,#2764));
#475=EDGE_LOOP('',(#2765,#2766,#2767,#2768,#2769,#2770,#2771,#2772));
#476=EDGE_LOOP('',(#2773,#2774,#2775,#2776));
#477=EDGE_LOOP('',(#2777,#2778,#2779,#2780));
#478=EDGE_LOOP('',(#2781,#2782,#2783,#2784));
#479=EDGE_LOOP('',(#2785,#2786,#2787,#2788));
#480=EDGE_LOOP('',(#2789,#2790,#2791,#2792));
#481=EDGE_LOOP('',(#2793,#2794,#2795,#2796));
#482=EDGE_LOOP('',(#2797,#2798,#2799,#2800));
#483=EDGE_LOOP('',(#2801,#2802,#2803,#2804,#2805,#2806,#2807,#2808));
#484=EDGE_LOOP('',(#2809,#2810,#2811,#2812));
#485=EDGE_LOOP('',(#2813,#2814,#2815,#2816));
#486=EDGE_LOOP('',(#2817,#2818,#2819,#2820));
#487=EDGE_LOOP('',(#2821,#2822,#2823,#2824));
#488=EDGE_LOOP('',(#2825,#2826,#2827,#2828));
#489=EDGE_LOOP('',(#2829,#2830,#2831,#2832));
#490=EDGE_LOOP('',(#2833,#2834,#2835,#2836));
#491=EDGE_LOOP('',(#2837,#2838,#2839,#2840));
#492=EDGE_LOOP('',(#2841,#2842,#2843,#2844));
#493=EDGE_LOOP('',(#2845,#2846,#2847,#2848));
#494=EDGE_LOOP('',(#2849,#2850,#2851,#2852,#2853,#2854,#2855,#2856));
#495=EDGE_LOOP('',(#2857,#2858,#2859,#2860));
#496=EDGE_LOOP('',(#2861,#2862,#2863,#2864));
#497=EDGE_LOOP('',(#2865,#2866,#2867,#2868));
#498=EDGE_LOOP('',(#2869,#2870,#2871,#2872));
#499=EDGE_LOOP('',(#2873,#2874,#2875,#2876));
#500=EDGE_LOOP('',(#2877,#2878,#2879,#2880));
#501=EDGE_LOOP('',(#2881,#2882,#2883,#2884,#2885,#2886,#2887,#2888));
#502=EDGE_LOOP('',(#2889,#2890,#2891,#2892));
#503=EDGE_LOOP('',(#2893,#2894,#2895,#2896));
#504=EDGE_LOOP('',(#2897,#2898,#2899,#2900));
#505=EDGE_LOOP('',(#2901,#2902,#2903,#2904));
#506=EDGE_LOOP('',(#2905,#2906,#2907,#2908));
#507=EDGE_LOOP('',(#2909,#2910,#2911,#2912));
#508=EDGE_LOOP('',(#2913,#2914,#2915,#2916));
#509=EDGE_LOOP('',(#2917,#2918,#2919,#2920));
#510=EDGE_LOOP('',(#2921,#2922,#2923,#2924));
#511=EDGE_LOOP('',(#2925,#2926,#2927,#2928));
#512=EDGE_LOOP('',(#2929,#2930,#2931,#2932,#2933,#2934,#2935,#2936));
#513=EDGE_LOOP('',(#2937,#2938,#2939,#2940));
#514=EDGE_LOOP('',(#2941,#2942,#2943,#2944));
#515=EDGE_LOOP('',(#2945,#2946,#2947,#2948));
#516=EDGE_LOOP('',(#2949,#2950,#2951,#2952));
#517=EDGE_LOOP('',(#2953,#2954,#2955,#2956));
#518=EDGE_LOOP('',(#2957,#2958,#2959,#2960));
#519=EDGE_LOOP('',(#2961,#2962,#2963,#2964));
#520=EDGE_LOOP('',(#2965,#2966,#2967,#2968));
#521=EDGE_LOOP('',(#2969,#2970,#2971,#2972));
#522=EDGE_LOOP('',(#2973,#2974,#2975,#2976));
#523=EDGE_LOOP('',(#2977,#2978,#2979,#2980,#2981,#2982,#2983,#2984));
#524=EDGE_LOOP('',(#2985,#2986,#2987,#2988));
#525=EDGE_LOOP('',(#2989,#2990,#2991,#2992));
#526=EDGE_LOOP('',(#2993,#2994,#2995,#2996));
#527=EDGE_LOOP('',(#2997,#2998,#2999,#3000));
#528=EDGE_LOOP('',(#3001,#3002,#3003,#3004));
#529=EDGE_LOOP('',(#3005,#3006,#3007,#3008,#3009,#3010,#3011,#3012));
#530=EDGE_LOOP('',(#3013,#3014,#3015,#3016));
#531=EDGE_LOOP('',(#3017,#3018,#3019,#3020));
#532=EDGE_LOOP('',(#3021,#3022,#3023,#3024));
#533=EDGE_LOOP('',(#3025,#3026,#3027,#3028));
#534=EDGE_LOOP('',(#3029,#3030,#3031,#3032));
#535=EDGE_LOOP('',(#3033,#3034,#3035,#3036));
#536=EDGE_LOOP('',(#3037,#3038,#3039,#3040));
#537=EDGE_LOOP('',(#3041,#3042,#3043,#3044));
#538=EDGE_LOOP('',(#3045,#3046,#3047,#3048));
#539=EDGE_LOOP('',(#3049,#3050,#3051,#3052));
#540=EDGE_LOOP('',(#3053,#3054,#3055,#3056));
#541=EDGE_LOOP('',(#3057,#3058,#3059,#3060,#3061,#3062,#3063,#3064));
#542=EDGE_LOOP('',(#3065,#3066,#3067,#3068));
#543=EDGE_LOOP('',(#3069,#3070,#3071,#3072));
#544=EDGE_LOOP('',(#3073,#3074,#3075,#3076));
#545=EDGE_LOOP('',(#3077,#3078,#3079,#3080));
#546=EDGE_LOOP('',(#3081,#3082,#3083,#3084));
#547=EDGE_LOOP('',(#3085,#3086,#3087,#3088,#3089,#3090,#3091,#3092));
#548=EDGE_LOOP('',(#3093,#3094,#3095,#3096));
#549=LINE('',#4625,#983);
#550=LINE('',#4627,#984);
#551=LINE('',#4629,#985);
#552=LINE('',#4630,#986);
#553=LINE('',#4634,#987);
#554=LINE('',#4636,#988);
#555=LINE('',#4638,#989);
#556=LINE('',#4639,#990);
#557=LINE('',#4643,#991);
#558=LINE('',#4645,#992);
#559=LINE('',#4647,#993);
#560=LINE('',#4648,#994);
#561=LINE('',#4652,#995);
#562=LINE('',#4654,#996);
#563=LINE('',#4656,#997);
#564=LINE('',#4657,#998);
#565=LINE('',#4661,#999);
#566=LINE('',#4663,#1000);
#567=LINE('',#4665,#1001);
#568=LINE('',#4666,#1002);
#569=LINE('',#4670,#1003);
#570=LINE('',#4672,#1004);
#571=LINE('',#4674,#1005);
#572=LINE('',#4675,#1006);
#573=LINE('',#4679,#1007);
#574=LINE('',#4681,#1008);
#575=LINE('',#4683,#1009);
#576=LINE('',#4684,#1010);
#577=LINE('',#4687,#1011);
#578=LINE('',#4689,#1012);
#579=LINE('',#4690,#1013);
#580=LINE('',#4693,#1014);
#581=LINE('',#4695,#1015);
#582=LINE('',#4696,#1016);
#583=LINE('',#4699,#1017);
#584=LINE('',#4701,#1018);
#585=LINE('',#4702,#1019);
#586=LINE('',#4706,#1020);
#587=LINE('',#4708,#1021);
#588=LINE('',#4710,#1022);
#589=LINE('',#4711,#1023);
#590=LINE('',#4715,#1024);
#591=LINE('',#4717,#1025);
#592=LINE('',#4719,#1026);
#593=LINE('',#4720,#1027);
#594=LINE('',#4723,#1028);
#595=LINE('',#4725,#1029);
#596=LINE('',#4726,#1030);
#597=LINE('',#4729,#1031);
#598=LINE('',#4731,#1032);
#599=LINE('',#4732,#1033);
#600=LINE('',#4735,#1034);
#601=LINE('',#4737,#1035);
#602=LINE('',#4738,#1036);
#603=LINE('',#4741,#1037);
#604=LINE('',#4743,#1038);
#605=LINE('',#4744,#1039);
#606=LINE('',#4747,#1040);
#607=LINE('',#4749,#1041);
#608=LINE('',#4750,#1042);
#609=LINE('',#4752,#1043);
#610=LINE('',#4753,#1044);
#611=LINE('',#4755,#1045);
#612=LINE('',#4756,#1046);
#613=LINE('',#4760,#1047);
#614=LINE('',#4762,#1048);
#615=LINE('',#4764,#1049);
#616=LINE('',#4765,#1050);
#617=LINE('',#4769,#1051);
#618=LINE('',#4771,#1052);
#619=LINE('',#4773,#1053);
#620=LINE('',#4774,#1054);
#621=LINE('',#4776,#1055);
#622=LINE('',#4777,#1056);
#623=LINE('',#4779,#1057);
#624=LINE('',#4780,#1058);
#625=LINE('',#4782,#1059);
#626=LINE('',#4783,#1060);
#627=LINE('',#4785,#1061);
#628=LINE('',#4786,#1062);
#629=LINE('',#4790,#1063);
#630=LINE('',#4792,#1064);
#631=LINE('',#4794,#1065);
#632=LINE('',#4795,#1066);
#633=LINE('',#4799,#1067);
#634=LINE('',#4800,#1068);
#635=LINE('',#4801,#1069);
#636=LINE('',#4803,#1070);
#637=LINE('',#4804,#1071);
#638=LINE('',#4808,#1072);
#639=LINE('',#4809,#1073);
#640=LINE('',#4810,#1074);
#641=LINE('',#4814,#1075);
#642=LINE('',#4815,#1076);
#643=LINE('',#4816,#1077);
#644=LINE('',#4818,#1078);
#645=LINE('',#4819,#1079);
#646=LINE('',#4823,#1080);
#647=LINE('',#4824,#1081);
#648=LINE('',#4825,#1082);
#649=LINE('',#4829,#1083);
#650=LINE('',#4831,#1084);
#651=LINE('',#4833,#1085);
#652=LINE('',#4834,#1086);
#653=LINE('',#4838,#1087);
#654=LINE('',#4839,#1088);
#655=LINE('',#4840,#1089);
#656=LINE('',#4842,#1090);
#657=LINE('',#4843,#1091);
#658=LINE('',#4847,#1092);
#659=LINE('',#4848,#1093);
#660=LINE('',#4849,#1094);
#661=LINE('',#4853,#1095);
#662=LINE('',#4854,#1096);
#663=LINE('',#4855,#1097);
#664=LINE('',#4857,#1098);
#665=LINE('',#4858,#1099);
#666=LINE('',#4862,#1100);
#667=LINE('',#4863,#1101);
#668=LINE('',#4864,#1102);
#669=LINE('',#4868,#1103);
#670=LINE('',#4869,#1104);
#671=LINE('',#4870,#1105);
#672=LINE('',#4872,#1106);
#673=LINE('',#4873,#1107);
#674=LINE('',#4877,#1108);
#675=LINE('',#4878,#1109);
#676=LINE('',#4879,#1110);
#677=LINE('',#4883,#1111);
#678=LINE('',#4884,#1112);
#679=LINE('',#4886,#1113);
#680=LINE('',#4888,#1114);
#681=LINE('',#4890,#1115);
#682=LINE('',#4894,#1116);
#683=LINE('',#4895,#1117);
#684=LINE('',#4899,#1118);
#685=LINE('',#4901,#1119);
#686=LINE('',#4903,#1120);
#687=LINE('',#4904,#1121);
#688=LINE('',#4908,#1122);
#689=LINE('',#4909,#1123);
#690=LINE('',#4910,#1124);
#691=LINE('',#4914,#1125);
#692=LINE('',#4916,#1126);
#693=LINE('',#4917,#1127);
#694=LINE('',#4919,#1128);
#695=LINE('',#4921,#1129);
#696=LINE('',#4922,#1130);
#697=LINE('',#4924,#1131);
#698=LINE('',#4926,#1132);
#699=LINE('',#4927,#1133);
#700=LINE('',#4928,#1134);
#701=LINE('',#4931,#1135);
#702=LINE('',#4933,#1136);
#703=LINE('',#4935,#1137);
#704=LINE('',#4938,#1138);
#705=LINE('',#4940,#1139);
#706=LINE('',#4941,#1140);
#707=LINE('',#4944,#1141);
#708=LINE('',#4946,#1142);
#709=LINE('',#4948,#1143);
#710=LINE('',#4950,#1144);
#711=LINE('',#4953,#1145);
#712=LINE('',#4956,#1146);
#713=LINE('',#4957,#1147);
#714=LINE('',#4960,#1148);
#715=LINE('',#4962,#1149);
#716=LINE('',#4963,#1150);
#717=LINE('',#4966,#1151);
#718=LINE('',#4967,#1152);
#719=LINE('',#4970,#1153);
#720=LINE('',#4971,#1154);
#721=LINE('',#4974,#1155);
#722=LINE('',#4976,#1156);
#723=LINE('',#4977,#1157);
#724=LINE('',#4980,#1158);
#725=LINE('',#4981,#1159);
#726=LINE('',#4984,#1160);
#727=LINE('',#4986,#1161);
#728=LINE('',#4987,#1162);
#729=LINE('',#4990,#1163);
#730=LINE('',#4991,#1164);
#731=LINE('',#4994,#1165);
#732=LINE('',#4996,#1166);
#733=LINE('',#4997,#1167);
#734=LINE('',#5000,#1168);
#735=LINE('',#5001,#1169);
#736=LINE('',#5004,#1170);
#737=LINE('',#5006,#1171);
#738=LINE('',#5008,#1172);
#739=LINE('',#5012,#1173);
#740=LINE('',#5014,#1174);
#741=LINE('',#5015,#1175);
#742=LINE('',#5018,#1176);
#743=LINE('',#5019,#1177);
#744=LINE('',#5020,#1178);
#745=LINE('',#5023,#1179);
#746=LINE('',#5024,#1180);
#747=LINE('',#5027,#1181);
#748=LINE('',#5029,#1182);
#749=LINE('',#5033,#1183);
#750=LINE('',#5034,#1184);
#751=LINE('',#5036,#1185);
#752=LINE('',#5038,#1186);
#753=LINE('',#5039,#1187);
#754=LINE('',#5040,#1188);
#755=LINE('',#5041,#1189);
#756=LINE('',#5042,#1190);
#757=LINE('',#5044,#1191);
#758=LINE('',#5046,#1192);
#759=LINE('',#5048,#1193);
#760=LINE('',#5050,#1194);
#761=LINE('',#5054,#1195);
#762=LINE('',#5056,#1196);
#763=LINE('',#5058,#1197);
#764=LINE('',#5060,#1198);
#765=LINE('',#5062,#1199);
#766=LINE('',#5066,#1200);
#767=LINE('',#5068,#1201);
#768=LINE('',#5070,#1202);
#769=LINE('',#5071,#1203);
#770=LINE('',#5079,#1204);
#771=LINE('',#5081,#1205);
#772=LINE('',#5082,#1206);
#773=LINE('',#5085,#1207);
#774=LINE('',#5086,#1208);
#775=LINE('',#5089,#1209);
#776=LINE('',#5090,#1210);
#777=LINE('',#5092,#1211);
#778=LINE('',#5093,#1212);
#779=LINE('',#5094,#1213);
#780=LINE('',#5096,#1214);
#781=LINE('',#5098,#1215);
#782=LINE('',#5100,#1216);
#783=LINE('',#5102,#1217);
#784=LINE('',#5106,#1218);
#785=LINE('',#5108,#1219);
#786=LINE('',#5110,#1220);
#787=LINE('',#5112,#1221);
#788=LINE('',#5114,#1222);
#789=LINE('',#5118,#1223);
#790=LINE('',#5120,#1224);
#791=LINE('',#5123,#1225);
#792=LINE('',#5125,#1226);
#793=LINE('',#5127,#1227);
#794=LINE('',#5129,#1228);
#795=LINE('',#5131,#1229);
#796=LINE('',#5133,#1230);
#797=LINE('',#5135,#1231);
#798=LINE('',#5137,#1232);
#799=LINE('',#5138,#1233);
#800=LINE('',#5140,#1234);
#801=LINE('',#5143,#1235);
#802=LINE('',#5144,#1236);
#803=LINE('',#5152,#1237);
#804=LINE('',#5154,#1238);
#805=LINE('',#5156,#1239);
#806=LINE('',#5157,#1240);
#807=LINE('',#5160,#1241);
#808=LINE('',#5162,#1242);
#809=LINE('',#5163,#1243);
#810=LINE('',#5166,#1244);
#811=LINE('',#5168,#1245);
#812=LINE('',#5169,#1246);
#813=LINE('',#5171,#1247);
#814=LINE('',#5177,#1248);
#815=LINE('',#5180,#1249);
#816=LINE('',#5182,#1250);
#817=LINE('',#5183,#1251);
#818=LINE('',#5185,#1252);
#819=LINE('',#5188,#1253);
#820=LINE('',#5190,#1254);
#821=LINE('',#5191,#1255);
#822=LINE('',#5196,#1256);
#823=LINE('',#5200,#1257);
#824=LINE('',#5202,#1258);
#825=LINE('',#5203,#1259);
#826=LINE('',#5206,#1260);
#827=LINE('',#5207,#1261);
#828=LINE('',#5210,#1262);
#829=LINE('',#5212,#1263);
#830=LINE('',#5213,#1264);
#831=LINE('',#5217,#1265);
#832=LINE('',#5218,#1266);
#833=LINE('',#5219,#1267);
#834=LINE('',#5221,#1268);
#835=LINE('',#5223,#1269);
#836=LINE('',#5224,#1270);
#837=LINE('',#5226,#1271);
#838=LINE('',#5229,#1272);
#839=LINE('',#5235,#1273);
#840=LINE('',#5237,#1274);
#841=LINE('',#5239,#1275);
#842=LINE('',#5240,#1276);
#843=LINE('',#5243,#1277);
#844=LINE('',#5245,#1278);
#845=LINE('',#5246,#1279);
#846=LINE('',#5249,#1280);
#847=LINE('',#5250,#1281);
#848=LINE('',#5253,#1282);
#849=LINE('',#5254,#1283);
#850=LINE('',#5256,#1284);
#851=LINE('',#5259,#1285);
#852=LINE('',#5261,#1286);
#853=LINE('',#5262,#1287);
#854=LINE('',#5265,#1288);
#855=LINE('',#5269,#1289);
#856=LINE('',#5271,#1290);
#857=LINE('',#5273,#1291);
#858=LINE('',#5278,#1292);
#859=LINE('',#5280,#1293);
#860=LINE('',#5282,#1294);
#861=LINE('',#5283,#1295);
#862=LINE('',#5286,#1296);
#863=LINE('',#5287,#1297);
#864=LINE('',#5288,#1298);
#865=LINE('',#5291,#1299);
#866=LINE('',#5292,#1300);
#867=LINE('',#5293,#1301);
#868=LINE('',#5295,#1302);
#869=LINE('',#5300,#1303);
#870=LINE('',#5301,#1304);
#871=LINE('',#5303,#1305);
#872=LINE('',#5307,#1306);
#873=LINE('',#5308,#1307);
#874=LINE('',#5312,#1308);
#875=LINE('',#5318,#1309);
#876=LINE('',#5320,#1310);
#877=LINE('',#5322,#1311);
#878=LINE('',#5323,#1312);
#879=LINE('',#5326,#1313);
#880=LINE('',#5328,#1314);
#881=LINE('',#5329,#1315);
#882=LINE('',#5332,#1316);
#883=LINE('',#5333,#1317);
#884=LINE('',#5336,#1318);
#885=LINE('',#5337,#1319);
#886=LINE('',#5339,#1320);
#887=LINE('',#5342,#1321);
#888=LINE('',#5344,#1322);
#889=LINE('',#5345,#1323);
#890=LINE('',#5348,#1324);
#891=LINE('',#5352,#1325);
#892=LINE('',#5354,#1326);
#893=LINE('',#5356,#1327);
#894=LINE('',#5361,#1328);
#895=LINE('',#5363,#1329);
#896=LINE('',#5365,#1330);
#897=LINE('',#5366,#1331);
#898=LINE('',#5369,#1332);
#899=LINE('',#5370,#1333);
#900=LINE('',#5371,#1334);
#901=LINE('',#5374,#1335);
#902=LINE('',#5375,#1336);
#903=LINE('',#5376,#1337);
#904=LINE('',#5382,#1338);
#905=LINE('',#5383,#1339);
#906=LINE('',#5385,#1340);
#907=LINE('',#5387,#1341);
#908=LINE('',#5390,#1342);
#909=LINE('',#5391,#1343);
#910=LINE('',#5395,#1344);
#911=LINE('',#5401,#1345);
#912=LINE('',#5403,#1346);
#913=LINE('',#5405,#1347);
#914=LINE('',#5406,#1348);
#915=LINE('',#5409,#1349);
#916=LINE('',#5411,#1350);
#917=LINE('',#5412,#1351);
#918=LINE('',#5415,#1352);
#919=LINE('',#5417,#1353);
#920=LINE('',#5418,#1354);
#921=LINE('',#5420,#1355);
#922=LINE('',#5426,#1356);
#923=LINE('',#5429,#1357);
#924=LINE('',#5431,#1358);
#925=LINE('',#5432,#1359);
#926=LINE('',#5434,#1360);
#927=LINE('',#5437,#1361);
#928=LINE('',#5439,#1362);
#929=LINE('',#5440,#1363);
#930=LINE('',#5445,#1364);
#931=LINE('',#5449,#1365);
#932=LINE('',#5451,#1366);
#933=LINE('',#5452,#1367);
#934=LINE('',#5455,#1368);
#935=LINE('',#5456,#1369);
#936=LINE('',#5459,#1370);
#937=LINE('',#5461,#1371);
#938=LINE('',#5462,#1372);
#939=LINE('',#5466,#1373);
#940=LINE('',#5467,#1374);
#941=LINE('',#5468,#1375);
#942=LINE('',#5470,#1376);
#943=LINE('',#5472,#1377);
#944=LINE('',#5473,#1378);
#945=LINE('',#5475,#1379);
#946=LINE('',#5478,#1380);
#947=LINE('',#5484,#1381);
#948=LINE('',#5486,#1382);
#949=LINE('',#5488,#1383);
#950=LINE('',#5489,#1384);
#951=LINE('',#5492,#1385);
#952=LINE('',#5494,#1386);
#953=LINE('',#5495,#1387);
#954=LINE('',#5498,#1388);
#955=LINE('',#5500,#1389);
#956=LINE('',#5501,#1390);
#957=LINE('',#5503,#1391);
#958=LINE('',#5509,#1392);
#959=LINE('',#5512,#1393);
#960=LINE('',#5514,#1394);
#961=LINE('',#5515,#1395);
#962=LINE('',#5517,#1396);
#963=LINE('',#5520,#1397);
#964=LINE('',#5522,#1398);
#965=LINE('',#5523,#1399);
#966=LINE('',#5528,#1400);
#967=LINE('',#5532,#1401);
#968=LINE('',#5534,#1402);
#969=LINE('',#5535,#1403);
#970=LINE('',#5538,#1404);
#971=LINE('',#5539,#1405);
#972=LINE('',#5542,#1406);
#973=LINE('',#5544,#1407);
#974=LINE('',#5545,#1408);
#975=LINE('',#5549,#1409);
#976=LINE('',#5550,#1410);
#977=LINE('',#5551,#1411);
#978=LINE('',#5553,#1412);
#979=LINE('',#5555,#1413);
#980=LINE('',#5556,#1414);
#981=LINE('',#5558,#1415);
#982=LINE('',#5561,#1416);
#983=VECTOR('',#3747,1.);
#984=VECTOR('',#3748,10.);
#985=VECTOR('',#3749,1.);
#986=VECTOR('',#3750,10.);
#987=VECTOR('',#3753,1.);
#988=VECTOR('',#3754,10.);
#989=VECTOR('',#3755,1.);
#990=VECTOR('',#3756,10.);
#991=VECTOR('',#3759,1.);
#992=VECTOR('',#3760,10.);
#993=VECTOR('',#3761,1.);
#994=VECTOR('',#3762,10.);
#995=VECTOR('',#3765,1.);
#996=VECTOR('',#3766,10.);
#997=VECTOR('',#3767,1.);
#998=VECTOR('',#3768,10.);
#999=VECTOR('',#3771,1.);
#1000=VECTOR('',#3772,10.);
#1001=VECTOR('',#3773,1.);
#1002=VECTOR('',#3774,10.);
#1003=VECTOR('',#3777,10.);
#1004=VECTOR('',#3778,10.);
#1005=VECTOR('',#3779,10.);
#1006=VECTOR('',#3780,10.);
#1007=VECTOR('',#3783,10.);
#1008=VECTOR('',#3784,10.);
#1009=VECTOR('',#3785,10.);
#1010=VECTOR('',#3786,10.);
#1011=VECTOR('',#3789,10.);
#1012=VECTOR('',#3790,10.);
#1013=VECTOR('',#3791,10.);
#1014=VECTOR('',#3794,10.);
#1015=VECTOR('',#3795,10.);
#1016=VECTOR('',#3796,10.);
#1017=VECTOR('',#3799,10.);
#1018=VECTOR('',#3800,10.);
#1019=VECTOR('',#3801,10.);
#1020=VECTOR('',#3804,10.);
#1021=VECTOR('',#3805,10.);
#1022=VECTOR('',#3806,10.);
#1023=VECTOR('',#3807,10.);
#1024=VECTOR('',#3810,10.);
#1025=VECTOR('',#3811,10.);
#1026=VECTOR('',#3812,10.);
#1027=VECTOR('',#3813,10.);
#1028=VECTOR('',#3816,10.);
#1029=VECTOR('',#3817,10.);
#1030=VECTOR('',#3818,10.);
#1031=VECTOR('',#3821,10.);
#1032=VECTOR('',#3822,10.);
#1033=VECTOR('',#3823,10.);
#1034=VECTOR('',#3826,10.);
#1035=VECTOR('',#3827,10.);
#1036=VECTOR('',#3828,10.);
#1037=VECTOR('',#3831,10.);
#1038=VECTOR('',#3832,10.);
#1039=VECTOR('',#3833,10.);
#1040=VECTOR('',#3836,10.);
#1041=VECTOR('',#3837,10.);
#1042=VECTOR('',#3838,10.);
#1043=VECTOR('',#3841,10.);
#1044=VECTOR('',#3842,10.);
#1045=VECTOR('',#3845,10.);
#1046=VECTOR('',#3846,10.);
#1047=VECTOR('',#3849,10.);
#1048=VECTOR('',#3850,10.);
#1049=VECTOR('',#3851,10.);
#1050=VECTOR('',#3852,10.);
#1051=VECTOR('',#3855,10.);
#1052=VECTOR('',#3856,10.);
#1053=VECTOR('',#3857,10.);
#1054=VECTOR('',#3858,10.);
#1055=VECTOR('',#3861,10.);
#1056=VECTOR('',#3862,10.);
#1057=VECTOR('',#3865,10.);
#1058=VECTOR('',#3866,10.);
#1059=VECTOR('',#3869,10.);
#1060=VECTOR('',#3870,10.);
#1061=VECTOR('',#3873,10.);
#1062=VECTOR('',#3874,10.);
#1063=VECTOR('',#3877,10.);
#1064=VECTOR('',#3878,1.);
#1065=VECTOR('',#3879,10.);
#1066=VECTOR('',#3880,1.);
#1067=VECTOR('',#3883,10.);
#1068=VECTOR('',#3884,1.);
#1069=VECTOR('',#3885,0.999999999999745);
#1070=VECTOR('',#3886,0.999999999999773);
#1071=VECTOR('',#3887,1.);
#1072=VECTOR('',#3890,10.);
#1073=VECTOR('',#3891,1.);
#1074=VECTOR('',#3892,1.);
#1075=VECTOR('',#3895,10.);
#1076=VECTOR('',#3896,0.999999999999745);
#1077=VECTOR('',#3897,1.);
#1078=VECTOR('',#3898,1.);
#1079=VECTOR('',#3899,0.999999999999773);
#1080=VECTOR('',#3902,10.);
#1081=VECTOR('',#3903,1.);
#1082=VECTOR('',#3904,1.);
#1083=VECTOR('',#3907,10.);
#1084=VECTOR('',#3908,1.);
#1085=VECTOR('',#3909,10.);
#1086=VECTOR('',#3910,1.);
#1087=VECTOR('',#3913,10.);
#1088=VECTOR('',#3914,1.);
#1089=VECTOR('',#3915,0.999999999999745);
#1090=VECTOR('',#3916,0.999999999999773);
#1091=VECTOR('',#3917,1.);
#1092=VECTOR('',#3920,10.);
#1093=VECTOR('',#3921,1.);
#1094=VECTOR('',#3922,1.);
#1095=VECTOR('',#3925,10.);
#1096=VECTOR('',#3926,0.999999999999745);
#1097=VECTOR('',#3927,1.);
#1098=VECTOR('',#3928,1.);
#1099=VECTOR('',#3929,0.999999999999773);
#1100=VECTOR('',#3932,10.);
#1101=VECTOR('',#3933,1.);
#1102=VECTOR('',#3934,1.);
#1103=VECTOR('',#3937,10.);
#1104=VECTOR('',#3938,1.);
#1105=VECTOR('',#3939,0.999999999999745);
#1106=VECTOR('',#3940,0.999999999999773);
#1107=VECTOR('',#3941,1.);
#1108=VECTOR('',#3944,10.);
#1109=VECTOR('',#3945,10.);
#1110=VECTOR('',#3946,1.);
#1111=VECTOR('',#3949,1.);
#1112=VECTOR('',#3950,1.);
#1113=VECTOR('',#3951,1.);
#1114=VECTOR('',#3952,1.);
#1115=VECTOR('',#3953,1.);
#1116=VECTOR('',#3956,1.);
#1117=VECTOR('',#3957,1.);
#1118=VECTOR('',#3960,1.);
#1119=VECTOR('',#3961,1.00000000000065);
#1120=VECTOR('',#3962,1.);
#1121=VECTOR('',#3963,1.00000000000065);
#1122=VECTOR('',#3966,1.);
#1123=VECTOR('',#3967,1.);
#1124=VECTOR('',#3968,1.);
#1125=VECTOR('',#3971,1.);
#1126=VECTOR('',#3972,10.);
#1127=VECTOR('',#3973,1.);
#1128=VECTOR('',#3974,1.);
#1129=VECTOR('',#3975,1.);
#1130=VECTOR('',#3976,1.);
#1131=VECTOR('',#3977,1.);
#1132=VECTOR('',#3978,1.);
#1133=VECTOR('',#3979,1.);
#1134=VECTOR('',#3980,1.);
#1135=VECTOR('',#3985,0.999999999999745);
#1136=VECTOR('',#3988,0.999999999999745);
#1137=VECTOR('',#3991,0.999999999999745);
#1138=VECTOR('',#3994,0.999999999999745);
#1139=VECTOR('',#3995,1.);
#1140=VECTOR('',#3996,0.999999999999745);
#1141=VECTOR('',#3999,1.);
#1142=VECTOR('',#4000,1.);
#1143=VECTOR('',#4001,1.);
#1144=VECTOR('',#4002,1.);
#1145=VECTOR('',#4005,1.);
#1146=VECTOR('',#4008,1.);
#1147=VECTOR('',#4009,1.00000000000064);
#1148=VECTOR('',#4012,10.);
#1149=VECTOR('',#4013,1.);
#1150=VECTOR('',#4014,0.999999999999773);
#1151=VECTOR('',#4017,10.);
#1152=VECTOR('',#4018,1.);
#1153=VECTOR('',#4021,0.999999999999773);
#1154=VECTOR('',#4022,1.);
#1155=VECTOR('',#4025,10.);
#1156=VECTOR('',#4026,1.);
#1157=VECTOR('',#4027,0.999999999999773);
#1158=VECTOR('',#4030,10.);
#1159=VECTOR('',#4031,1.);
#1160=VECTOR('',#4034,10.);
#1161=VECTOR('',#4035,0.999999999999773);
#1162=VECTOR('',#4036,1.);
#1163=VECTOR('',#4039,10.);
#1164=VECTOR('',#4040,1.);
#1165=VECTOR('',#4043,10.);
#1166=VECTOR('',#4044,1.);
#1167=VECTOR('',#4045,0.999999999999773);
#1168=VECTOR('',#4048,10.);
#1169=VECTOR('',#4049,1.);
#1170=VECTOR('',#4052,1.);
#1171=VECTOR('',#4053,1.);
#1172=VECTOR('',#4054,1.);
#1173=VECTOR('',#4057,1.);
#1174=VECTOR('',#4058,1.);
#1175=VECTOR('',#4059,1.);
#1176=VECTOR('',#4062,1.);
#1177=VECTOR('',#4063,1.);
#1178=VECTOR('',#4064,1.);
#1179=VECTOR('',#4067,1.);
#1180=VECTOR('',#4068,1.00000000000064);
#1181=VECTOR('',#4071,1.);
#1182=VECTOR('',#4072,1.);
#1183=VECTOR('',#4075,1.);
#1184=VECTOR('',#4076,1.);
#1185=VECTOR('',#4079,1.);
#1186=VECTOR('',#4082,1.);
#1187=VECTOR('',#4083,1.);
#1188=VECTOR('',#4084,1.);
#1189=VECTOR('',#4085,1.);
#1190=VECTOR('',#4086,1.);
#1191=VECTOR('',#4087,1.);
#1192=VECTOR('',#4088,1.00000000000064);
#1193=VECTOR('',#4089,1.00000000000064);
#1194=VECTOR('',#4090,10.);
#1195=VECTOR('',#4093,1.);
#1196=VECTOR('',#4094,1.);
#1197=VECTOR('',#4095,1.);
#1198=VECTOR('',#4096,1.);
#1199=VECTOR('',#4097,1.);
#1200=VECTOR('',#4100,10.);
#1201=VECTOR('',#4101,1.00000000000064);
#1202=VECTOR('',#4102,1.00000000000064);
#1203=VECTOR('',#4103,1.);
#1204=VECTOR('',#4116,1.);
#1205=VECTOR('',#4117,1.00000000000064);
#1206=VECTOR('',#4118,10.);
#1207=VECTOR('',#4121,1.);
#1208=VECTOR('',#4122,1.00000000000064);
#1209=VECTOR('',#4125,10.);
#1210=VECTOR('',#4126,10.);
#1211=VECTOR('',#4129,1.);
#1212=VECTOR('',#4130,1.);
#1213=VECTOR('',#4131,1.);
#1214=VECTOR('',#4132,1.);
#1215=VECTOR('',#4133,1.00000000000064);
#1216=VECTOR('',#4134,1.00000000000064);
#1217=VECTOR('',#4135,1.);
#1218=VECTOR('',#4138,1.);
#1219=VECTOR('',#4139,1.);
#1220=VECTOR('',#4140,1.);
#1221=VECTOR('',#4141,1.);
#1222=VECTOR('',#4142,1.);
#1223=VECTOR('',#4149,1.);
#1224=VECTOR('',#4152,1.);
#1225=VECTOR('',#4157,1.);
#1226=VECTOR('',#4160,1.);
#1227=VECTOR('',#4163,1.);
#1228=VECTOR('',#4166,1.);
#1229=VECTOR('',#4169,1.);
#1230=VECTOR('',#4172,1.);
#1231=VECTOR('',#4175,1.);
#1232=VECTOR('',#4178,1.);
#1233=VECTOR('',#4179,1.);
#1234=VECTOR('',#4182,1.);
#1235=VECTOR('',#4187,1.);
#1236=VECTOR('',#4188,1.);
#1237=VECTOR('',#4199,1.);
#1238=VECTOR('',#4200,1.);
#1239=VECTOR('',#4201,1.);
#1240=VECTOR('',#4202,1.);
#1241=VECTOR('',#4205,1.00000000000065);
#1242=VECTOR('',#4206,1.00000000000065);
#1243=VECTOR('',#4207,1.);
#1244=VECTOR('',#4210,1.00000000000065);
#1245=VECTOR('',#4211,1.);
#1246=VECTOR('',#4212,1.00000000000065);
#1247=VECTOR('',#4215,1.);
#1248=VECTOR('',#4220,1.);
#1249=VECTOR('',#4223,1.);
#1250=VECTOR('',#4226,1.);
#1251=VECTOR('',#4227,1.);
#1252=VECTOR('',#4230,1.);
#1253=VECTOR('',#4233,1.);
#1254=VECTOR('',#4234,1.);
#1255=VECTOR('',#4235,1.);
#1256=VECTOR('',#4240,1.);
#1257=VECTOR('',#4245,10.);
#1258=VECTOR('',#4246,1.);
#1259=VECTOR('',#4247,10.);
#1260=VECTOR('',#4250,10.);
#1261=VECTOR('',#4251,1.);
#1262=VECTOR('',#4254,1.00000000000065);
#1263=VECTOR('',#4255,1.);
#1264=VECTOR('',#4256,1.00000000000065);
#1265=VECTOR('',#4259,1.00000000000065);
#1266=VECTOR('',#4260,1.);
#1267=VECTOR('',#4261,1.);
#1268=VECTOR('',#4264,1.);
#1269=VECTOR('',#4265,1.00000000000065);
#1270=VECTOR('',#4266,1.);
#1271=VECTOR('',#4269,1.);
#1272=VECTOR('',#4274,1.);
#1273=VECTOR('',#4281,1.);
#1274=VECTOR('',#4282,1.);
#1275=VECTOR('',#4283,1.);
#1276=VECTOR('',#4284,1.);
#1277=VECTOR('',#4287,1.00000000000065);
#1278=VECTOR('',#4288,1.);
#1279=VECTOR('',#4289,1.00000000000065);
#1280=VECTOR('',#4292,1.00000000000065);
#1281=VECTOR('',#4293,1.);
#1282=VECTOR('',#4296,1.00000000000065);
#1283=VECTOR('',#4297,1.);
#1284=VECTOR('',#4300,1.);
#1285=VECTOR('',#4303,10.);
#1286=VECTOR('',#4304,1.);
#1287=VECTOR('',#4305,10.);
#1288=VECTOR('',#4308,1.);
#1289=VECTOR('',#4311,1.);
#1290=VECTOR('',#4312,1.);
#1291=VECTOR('',#4313,1.);
#1292=VECTOR('',#4318,1.);
#1293=VECTOR('',#4319,1.);
#1294=VECTOR('',#4320,1.);
#1295=VECTOR('',#4321,1.);
#1296=VECTOR('',#4324,1.00000000000065);
#1297=VECTOR('',#4325,1.00000000000065);
#1298=VECTOR('',#4326,1.);
#1299=VECTOR('',#4329,1.00000000000065);
#1300=VECTOR('',#4330,1.);
#1301=VECTOR('',#4331,1.00000000000065);
#1302=VECTOR('',#4334,1.);
#1303=VECTOR('',#4339,1.);
#1304=VECTOR('',#4340,1.);
#1305=VECTOR('',#4343,1.);
#1306=VECTOR('',#4348,1.);
#1307=VECTOR('',#4349,1.);
#1308=VECTOR('',#4356,10.);
#1309=VECTOR('',#4363,1.);
#1310=VECTOR('',#4364,1.);
#1311=VECTOR('',#4365,1.);
#1312=VECTOR('',#4366,1.);
#1313=VECTOR('',#4369,1.00000000000065);
#1314=VECTOR('',#4370,1.00000000000065);
#1315=VECTOR('',#4371,1.);
#1316=VECTOR('',#4374,1.00000000000065);
#1317=VECTOR('',#4375,1.);
#1318=VECTOR('',#4378,1.00000000000065);
#1319=VECTOR('',#4379,1.);
#1320=VECTOR('',#4382,1.);
#1321=VECTOR('',#4385,10.);
#1322=VECTOR('',#4386,1.);
#1323=VECTOR('',#4387,1.);
#1324=VECTOR('',#4390,10.);
#1325=VECTOR('',#4393,1.);
#1326=VECTOR('',#4394,1.);
#1327=VECTOR('',#4395,1.);
#1328=VECTOR('',#4400,1.);
#1329=VECTOR('',#4401,1.);
#1330=VECTOR('',#4402,1.);
#1331=VECTOR('',#4403,1.);
#1332=VECTOR('',#4406,1.00000000000065);
#1333=VECTOR('',#4407,1.00000000000065);
#1334=VECTOR('',#4408,1.);
#1335=VECTOR('',#4411,1.00000000000065);
#1336=VECTOR('',#4412,1.);
#1337=VECTOR('',#4413,1.00000000000065);
#1338=VECTOR('',#4420,1.);
#1339=VECTOR('',#4421,1.);
#1340=VECTOR('',#4424,1.);
#1341=VECTOR('',#4427,1.);
#1342=VECTOR('',#4430,1.);
#1343=VECTOR('',#4431,1.);
#1344=VECTOR('',#4438,10.);
#1345=VECTOR('',#4445,1.);
#1346=VECTOR('',#4446,1.);
#1347=VECTOR('',#4447,1.);
#1348=VECTOR('',#4448,1.);
#1349=VECTOR('',#4451,1.00000000000065);
#1350=VECTOR('',#4452,1.00000000000065);
#1351=VECTOR('',#4453,1.);
#1352=VECTOR('',#4456,1.00000000000065);
#1353=VECTOR('',#4457,1.);
#1354=VECTOR('',#4458,1.00000000000065);
#1355=VECTOR('',#4461,1.);
#1356=VECTOR('',#4466,1.);
#1357=VECTOR('',#4469,1.);
#1358=VECTOR('',#4472,1.);
#1359=VECTOR('',#4473,1.);
#1360=VECTOR('',#4476,1.);
#1361=VECTOR('',#4479,1.);
#1362=VECTOR('',#4480,1.);
#1363=VECTOR('',#4481,1.);
#1364=VECTOR('',#4486,1.);
#1365=VECTOR('',#4491,10.);
#1366=VECTOR('',#4492,1.);
#1367=VECTOR('',#4493,10.);
#1368=VECTOR('',#4496,10.);
#1369=VECTOR('',#4497,1.);
#1370=VECTOR('',#4500,1.00000000000065);
#1371=VECTOR('',#4501,1.);
#1372=VECTOR('',#4502,1.00000000000065);
#1373=VECTOR('',#4505,1.00000000000065);
#1374=VECTOR('',#4506,1.);
#1375=VECTOR('',#4507,1.);
#1376=VECTOR('',#4510,1.);
#1377=VECTOR('',#4511,1.00000000000065);
#1378=VECTOR('',#4512,1.);
#1379=VECTOR('',#4515,1.);
#1380=VECTOR('',#4520,1.);
#1381=VECTOR('',#4527,1.);
#1382=VECTOR('',#4528,1.);
#1383=VECTOR('',#4529,1.);
#1384=VECTOR('',#4530,1.);
#1385=VECTOR('',#4533,1.00000000000065);
#1386=VECTOR('',#4534,1.00000000000065);
#1387=VECTOR('',#4535,1.);
#1388=VECTOR('',#4538,1.00000000000065);
#1389=VECTOR('',#4539,1.);
#1390=VECTOR('',#4540,1.00000000000065);
#1391=VECTOR('',#4543,1.);
#1392=VECTOR('',#4548,1.);
#1393=VECTOR('',#4551,1.);
#1394=VECTOR('',#4554,1.);
#1395=VECTOR('',#4555,1.);
#1396=VECTOR('',#4558,1.);
#1397=VECTOR('',#4561,1.);
#1398=VECTOR('',#4562,1.);
#1399=VECTOR('',#4563,1.);
#1400=VECTOR('',#4568,1.);
#1401=VECTOR('',#4573,10.);
#1402=VECTOR('',#4574,1.);
#1403=VECTOR('',#4575,10.);
#1404=VECTOR('',#4578,10.);
#1405=VECTOR('',#4579,1.);
#1406=VECTOR('',#4582,1.00000000000065);
#1407=VECTOR('',#4583,1.);
#1408=VECTOR('',#4584,1.00000000000065);
#1409=VECTOR('',#4587,1.00000000000065);
#1410=VECTOR('',#4588,1.);
#1411=VECTOR('',#4589,1.);
#1412=VECTOR('',#4592,1.);
#1413=VECTOR('',#4593,1.00000000000065);
#1414=VECTOR('',#4594,1.);
#1415=VECTOR('',#4597,1.);
#1416=VECTOR('',#4602,1.);
#1417=VERTEX_POINT('',#4623);
#1418=VERTEX_POINT('',#4624);
#1419=VERTEX_POINT('',#4626);
#1420=VERTEX_POINT('',#4628);
#1421=VERTEX_POINT('',#4632);
#1422=VERTEX_POINT('',#4633);
#1423=VERTEX_POINT('',#4635);
#1424=VERTEX_POINT('',#4637);
#1425=VERTEX_POINT('',#4641);
#1426=VERTEX_POINT('',#4642);
#1427=VERTEX_POINT('',#4644);
#1428=VERTEX_POINT('',#4646);
#1429=VERTEX_POINT('',#4650);
#1430=VERTEX_POINT('',#4651);
#1431=VERTEX_POINT('',#4653);
#1432=VERTEX_POINT('',#4655);
#1433=VERTEX_POINT('',#4659);
#1434=VERTEX_POINT('',#4660);
#1435=VERTEX_POINT('',#4662);
#1436=VERTEX_POINT('',#4664);
#1437=VERTEX_POINT('',#4668);
#1438=VERTEX_POINT('',#4669);
#1439=VERTEX_POINT('',#4671);
#1440=VERTEX_POINT('',#4673);
#1441=VERTEX_POINT('',#4677);
#1442=VERTEX_POINT('',#4678);
#1443=VERTEX_POINT('',#4680);
#1444=VERTEX_POINT('',#4682);
#1445=VERTEX_POINT('',#4686);
#1446=VERTEX_POINT('',#4688);
#1447=VERTEX_POINT('',#4692);
#1448=VERTEX_POINT('',#4694);
#1449=VERTEX_POINT('',#4698);
#1450=VERTEX_POINT('',#4700);
#1451=VERTEX_POINT('',#4704);
#1452=VERTEX_POINT('',#4705);
#1453=VERTEX_POINT('',#4707);
#1454=VERTEX_POINT('',#4709);
#1455=VERTEX_POINT('',#4713);
#1456=VERTEX_POINT('',#4714);
#1457=VERTEX_POINT('',#4716);
#1458=VERTEX_POINT('',#4718);
#1459=VERTEX_POINT('',#4722);
#1460=VERTEX_POINT('',#4724);
#1461=VERTEX_POINT('',#4728);
#1462=VERTEX_POINT('',#4730);
#1463=VERTEX_POINT('',#4734);
#1464=VERTEX_POINT('',#4736);
#1465=VERTEX_POINT('',#4740);
#1466=VERTEX_POINT('',#4742);
#1467=VERTEX_POINT('',#4746);
#1468=VERTEX_POINT('',#4748);
#1469=VERTEX_POINT('',#4758);
#1470=VERTEX_POINT('',#4759);
#1471=VERTEX_POINT('',#4761);
#1472=VERTEX_POINT('',#4763);
#1473=VERTEX_POINT('',#4767);
#1474=VERTEX_POINT('',#4768);
#1475=VERTEX_POINT('',#4770);
#1476=VERTEX_POINT('',#4772);
#1477=VERTEX_POINT('',#4788);
#1478=VERTEX_POINT('',#4789);
#1479=VERTEX_POINT('',#4791);
#1480=VERTEX_POINT('',#4793);
#1481=VERTEX_POINT('',#4797);
#1482=VERTEX_POINT('',#4798);
#1483=VERTEX_POINT('',#4802);
#1484=VERTEX_POINT('',#4806);
#1485=VERTEX_POINT('',#4807);
#1486=VERTEX_POINT('',#4812);
#1487=VERTEX_POINT('',#4813);
#1488=VERTEX_POINT('',#4817);
#1489=VERTEX_POINT('',#4821);
#1490=VERTEX_POINT('',#4822);
#1491=VERTEX_POINT('',#4827);
#1492=VERTEX_POINT('',#4828);
#1493=VERTEX_POINT('',#4830);
#1494=VERTEX_POINT('',#4832);
#1495=VERTEX_POINT('',#4836);
#1496=VERTEX_POINT('',#4837);
#1497=VERTEX_POINT('',#4841);
#1498=VERTEX_POINT('',#4845);
#1499=VERTEX_POINT('',#4846);
#1500=VERTEX_POINT('',#4851);
#1501=VERTEX_POINT('',#4852);
#1502=VERTEX_POINT('',#4856);
#1503=VERTEX_POINT('',#4860);
#1504=VERTEX_POINT('',#4861);
#1505=VERTEX_POINT('',#4866);
#1506=VERTEX_POINT('',#4867);
#1507=VERTEX_POINT('',#4871);
#1508=VERTEX_POINT('',#4875);
#1509=VERTEX_POINT('',#4876);
#1510=VERTEX_POINT('',#4881);
#1511=VERTEX_POINT('',#4882);
#1512=VERTEX_POINT('',#4885);
#1513=VERTEX_POINT('',#4887);
#1514=VERTEX_POINT('',#4889);
#1515=VERTEX_POINT('',#4891);
#1516=VERTEX_POINT('',#4893);
#1517=VERTEX_POINT('',#4897);
#1518=VERTEX_POINT('',#4898);
#1519=VERTEX_POINT('',#4900);
#1520=VERTEX_POINT('',#4902);
#1521=VERTEX_POINT('',#4906);
#1522=VERTEX_POINT('',#4907);
#1523=VERTEX_POINT('',#4912);
#1524=VERTEX_POINT('',#4913);
#1525=VERTEX_POINT('',#4915);
#1526=VERTEX_POINT('',#4918);
#1527=VERTEX_POINT('',#4920);
#1528=VERTEX_POINT('',#4923);
#1529=VERTEX_POINT('',#4925);
#1530=VERTEX_POINT('',#4937);
#1531=VERTEX_POINT('',#4939);
#1532=VERTEX_POINT('',#4943);
#1533=VERTEX_POINT('',#4945);
#1534=VERTEX_POINT('',#4947);
#1535=VERTEX_POINT('',#4949);
#1536=VERTEX_POINT('',#4951);
#1537=VERTEX_POINT('',#4955);
#1538=VERTEX_POINT('',#4959);
#1539=VERTEX_POINT('',#4961);
#1540=VERTEX_POINT('',#4965);
#1541=VERTEX_POINT('',#4969);
#1542=VERTEX_POINT('',#4973);
#1543=VERTEX_POINT('',#4975);
#1544=VERTEX_POINT('',#4979);
#1545=VERTEX_POINT('',#4983);
#1546=VERTEX_POINT('',#4985);
#1547=VERTEX_POINT('',#4989);
#1548=VERTEX_POINT('',#4993);
#1549=VERTEX_POINT('',#4995);
#1550=VERTEX_POINT('',#4999);
#1551=VERTEX_POINT('',#5003);
#1552=VERTEX_POINT('',#5005);
#1553=VERTEX_POINT('',#5007);
#1554=VERTEX_POINT('',#5009);
#1555=VERTEX_POINT('',#5011);
#1556=VERTEX_POINT('',#5013);
#1557=VERTEX_POINT('',#5017);
#1558=VERTEX_POINT('',#5022);
#1559=VERTEX_POINT('',#5026);
#1560=VERTEX_POINT('',#5028);
#1561=VERTEX_POINT('',#5030);
#1562=VERTEX_POINT('',#5032);
#1563=VERTEX_POINT('',#5043);
#1564=VERTEX_POINT('',#5045);
#1565=VERTEX_POINT('',#5047);
#1566=VERTEX_POINT('',#5049);
#1567=VERTEX_POINT('',#5051);
#1568=VERTEX_POINT('',#5053);
#1569=VERTEX_POINT('',#5055);
#1570=VERTEX_POINT('',#5057);
#1571=VERTEX_POINT('',#5059);
#1572=VERTEX_POINT('',#5061);
#1573=VERTEX_POINT('',#5063);
#1574=VERTEX_POINT('',#5065);
#1575=VERTEX_POINT('',#5067);
#1576=VERTEX_POINT('',#5069);
#1577=VERTEX_POINT('',#5078);
#1578=VERTEX_POINT('',#5080);
#1579=VERTEX_POINT('',#5084);
#1580=VERTEX_POINT('',#5088);
#1581=VERTEX_POINT('',#5095);
#1582=VERTEX_POINT('',#5097);
#1583=VERTEX_POINT('',#5099);
#1584=VERTEX_POINT('',#5101);
#1585=VERTEX_POINT('',#5103);
#1586=VERTEX_POINT('',#5105);
#1587=VERTEX_POINT('',#5107);
#1588=VERTEX_POINT('',#5109);
#1589=VERTEX_POINT('',#5111);
#1590=VERTEX_POINT('',#5113);
#1591=VERTEX_POINT('',#5150);
#1592=VERTEX_POINT('',#5151);
#1593=VERTEX_POINT('',#5153);
#1594=VERTEX_POINT('',#5155);
#1595=VERTEX_POINT('',#5159);
#1596=VERTEX_POINT('',#5161);
#1597=VERTEX_POINT('',#5165);
#1598=VERTEX_POINT('',#5167);
#1599=VERTEX_POINT('',#5173);
#1600=VERTEX_POINT('',#5174);
#1601=VERTEX_POINT('',#5176);
#1602=VERTEX_POINT('',#5178);
#1603=VERTEX_POINT('',#5187);
#1604=VERTEX_POINT('',#5189);
#1605=VERTEX_POINT('',#5193);
#1606=VERTEX_POINT('',#5195);
#1607=VERTEX_POINT('',#5199);
#1608=VERTEX_POINT('',#5201);
#1609=VERTEX_POINT('',#5205);
#1610=VERTEX_POINT('',#5209);
#1611=VERTEX_POINT('',#5211);
#1612=VERTEX_POINT('',#5215);
#1613=VERTEX_POINT('',#5216);
#1614=VERTEX_POINT('',#5222);
#1615=VERTEX_POINT('',#5233);
#1616=VERTEX_POINT('',#5234);
#1617=VERTEX_POINT('',#5236);
#1618=VERTEX_POINT('',#5238);
#1619=VERTEX_POINT('',#5242);
#1620=VERTEX_POINT('',#5244);
#1621=VERTEX_POINT('',#5248);
#1622=VERTEX_POINT('',#5252);
#1623=VERTEX_POINT('',#5258);
#1624=VERTEX_POINT('',#5260);
#1625=VERTEX_POINT('',#5264);
#1626=VERTEX_POINT('',#5266);
#1627=VERTEX_POINT('',#5268);
#1628=VERTEX_POINT('',#5270);
#1629=VERTEX_POINT('',#5272);
#1630=VERTEX_POINT('',#5276);
#1631=VERTEX_POINT('',#5277);
#1632=VERTEX_POINT('',#5279);
#1633=VERTEX_POINT('',#5281);
#1634=VERTEX_POINT('',#5285);
#1635=VERTEX_POINT('',#5290);
#1636=VERTEX_POINT('',#5297);
#1637=VERTEX_POINT('',#5298);
#1638=VERTEX_POINT('',#5306);
#1639=VERTEX_POINT('',#5316);
#1640=VERTEX_POINT('',#5317);
#1641=VERTEX_POINT('',#5319);
#1642=VERTEX_POINT('',#5321);
#1643=VERTEX_POINT('',#5325);
#1644=VERTEX_POINT('',#5327);
#1645=VERTEX_POINT('',#5331);
#1646=VERTEX_POINT('',#5335);
#1647=VERTEX_POINT('',#5341);
#1648=VERTEX_POINT('',#5343);
#1649=VERTEX_POINT('',#5347);
#1650=VERTEX_POINT('',#5349);
#1651=VERTEX_POINT('',#5351);
#1652=VERTEX_POINT('',#5353);
#1653=VERTEX_POINT('',#5355);
#1654=VERTEX_POINT('',#5359);
#1655=VERTEX_POINT('',#5360);
#1656=VERTEX_POINT('',#5362);
#1657=VERTEX_POINT('',#5364);
#1658=VERTEX_POINT('',#5368);
#1659=VERTEX_POINT('',#5373);
#1660=VERTEX_POINT('',#5379);
#1661=VERTEX_POINT('',#5380);
#1662=VERTEX_POINT('',#5389);
#1663=VERTEX_POINT('',#5399);
#1664=VERTEX_POINT('',#5400);
#1665=VERTEX_POINT('',#5402);
#1666=VERTEX_POINT('',#5404);
#1667=VERTEX_POINT('',#5408);
#1668=VERTEX_POINT('',#5410);
#1669=VERTEX_POINT('',#5414);
#1670=VERTEX_POINT('',#5416);
#1671=VERTEX_POINT('',#5422);
#1672=VERTEX_POINT('',#5423);
#1673=VERTEX_POINT('',#5425);
#1674=VERTEX_POINT('',#5427);
#1675=VERTEX_POINT('',#5436);
#1676=VERTEX_POINT('',#5438);
#1677=VERTEX_POINT('',#5442);
#1678=VERTEX_POINT('',#5444);
#1679=VERTEX_POINT('',#5448);
#1680=VERTEX_POINT('',#5450);
#1681=VERTEX_POINT('',#5454);
#1682=VERTEX_POINT('',#5458);
#1683=VERTEX_POINT('',#5460);
#1684=VERTEX_POINT('',#5464);
#1685=VERTEX_POINT('',#5465);
#1686=VERTEX_POINT('',#5471);
#1687=VERTEX_POINT('',#5482);
#1688=VERTEX_POINT('',#5483);
#1689=VERTEX_POINT('',#5485);
#1690=VERTEX_POINT('',#5487);
#1691=VERTEX_POINT('',#5491);
#1692=VERTEX_POINT('',#5493);
#1693=VERTEX_POINT('',#5497);
#1694=VERTEX_POINT('',#5499);
#1695=VERTEX_POINT('',#5505);
#1696=VERTEX_POINT('',#5506);
#1697=VERTEX_POINT('',#5508);
#1698=VERTEX_POINT('',#5510);
#1699=VERTEX_POINT('',#5519);
#1700=VERTEX_POINT('',#5521);
#1701=VERTEX_POINT('',#5525);
#1702=VERTEX_POINT('',#5527);
#1703=VERTEX_POINT('',#5531);
#1704=VERTEX_POINT('',#5533);
#1705=VERTEX_POINT('',#5537);
#1706=VERTEX_POINT('',#5541);
#1707=VERTEX_POINT('',#5543);
#1708=VERTEX_POINT('',#5547);
#1709=VERTEX_POINT('',#5548);
#1710=VERTEX_POINT('',#5554);
#1711=EDGE_CURVE('',#1417,#1418,#549,.T.);
#1712=EDGE_CURVE('',#1417,#1419,#550,.T.);
#1713=EDGE_CURVE('',#1420,#1419,#551,.T.);
#1714=EDGE_CURVE('',#1418,#1420,#552,.T.);
#1715=EDGE_CURVE('',#1421,#1422,#553,.T.);
#1716=EDGE_CURVE('',#1421,#1423,#554,.T.);
#1717=EDGE_CURVE('',#1424,#1423,#555,.T.);
#1718=EDGE_CURVE('',#1422,#1424,#556,.T.);
#1719=EDGE_CURVE('',#1425,#1426,#557,.T.);
#1720=EDGE_CURVE('',#1425,#1427,#558,.T.);
#1721=EDGE_CURVE('',#1428,#1427,#559,.T.);
#1722=EDGE_CURVE('',#1426,#1428,#560,.T.);
#1723=EDGE_CURVE('',#1429,#1430,#561,.T.);
#1724=EDGE_CURVE('',#1429,#1431,#562,.T.);
#1725=EDGE_CURVE('',#1432,#1431,#563,.T.);
#1726=EDGE_CURVE('',#1430,#1432,#564,.T.);
#1727=EDGE_CURVE('',#1433,#1434,#565,.T.);
#1728=EDGE_CURVE('',#1433,#1435,#566,.T.);
#1729=EDGE_CURVE('',#1436,#1435,#567,.T.);
#1730=EDGE_CURVE('',#1434,#1436,#568,.T.);
#1731=EDGE_CURVE('',#1437,#1438,#569,.F.);
#1732=EDGE_CURVE('',#1437,#1439,#570,.F.);
#1733=EDGE_CURVE('',#1440,#1439,#571,.T.);
#1734=EDGE_CURVE('',#1438,#1440,#572,.F.);
#1735=EDGE_CURVE('',#1441,#1442,#573,.T.);
#1736=EDGE_CURVE('',#1443,#1441,#574,.F.);
#1737=EDGE_CURVE('',#1443,#1444,#575,.T.);
#1738=EDGE_CURVE('',#1442,#1444,#576,.F.);
#1739=EDGE_CURVE('',#1445,#1441,#577,.F.);
#1740=EDGE_CURVE('',#1445,#1446,#578,.F.);
#1741=EDGE_CURVE('',#1443,#1446,#579,.T.);
#1742=EDGE_CURVE('',#1447,#1439,#580,.T.);
#1743=EDGE_CURVE('',#1447,#1448,#581,.F.);
#1744=EDGE_CURVE('',#1440,#1448,#582,.F.);
#1745=EDGE_CURVE('',#1449,#1444,#583,.T.);
#1746=EDGE_CURVE('',#1449,#1450,#584,.T.);
#1747=EDGE_CURVE('',#1442,#1450,#585,.F.);
#1748=EDGE_CURVE('',#1451,#1452,#586,.F.);
#1749=EDGE_CURVE('',#1451,#1453,#587,.F.);
#1750=EDGE_CURVE('',#1454,#1453,#588,.F.);
#1751=EDGE_CURVE('',#1452,#1454,#589,.F.);
#1752=EDGE_CURVE('',#1455,#1456,#590,.T.);
#1753=EDGE_CURVE('',#1457,#1455,#591,.T.);
#1754=EDGE_CURVE('',#1458,#1457,#592,.F.);
#1755=EDGE_CURVE('',#1458,#1456,#593,.T.);
#1756=EDGE_CURVE('',#1459,#1457,#594,.F.);
#1757=EDGE_CURVE('',#1459,#1460,#595,.T.);
#1758=EDGE_CURVE('',#1458,#1460,#596,.T.);
#1759=EDGE_CURVE('',#1461,#1453,#597,.T.);
#1760=EDGE_CURVE('',#1461,#1462,#598,.F.);
#1761=EDGE_CURVE('',#1454,#1462,#599,.F.);
#1762=EDGE_CURVE('',#1463,#1452,#600,.F.);
#1763=EDGE_CURVE('',#1463,#1464,#601,.T.);
#1764=EDGE_CURVE('',#1451,#1464,#602,.T.);
#1765=EDGE_CURVE('',#1465,#1456,#603,.T.);
#1766=EDGE_CURVE('',#1465,#1466,#604,.F.);
#1767=EDGE_CURVE('',#1455,#1466,#605,.F.);
#1768=EDGE_CURVE('',#1447,#1467,#606,.T.);
#1769=EDGE_CURVE('',#1468,#1467,#607,.F.);
#1770=EDGE_CURVE('',#1448,#1468,#608,.T.);
#1771=EDGE_CURVE('',#1465,#1460,#609,.F.);
#1772=EDGE_CURVE('',#1466,#1459,#610,.F.);
#1773=EDGE_CURVE('',#1468,#1438,#611,.F.);
#1774=EDGE_CURVE('',#1437,#1467,#612,.T.);
#1775=EDGE_CURVE('',#1469,#1470,#613,.T.);
#1776=EDGE_CURVE('',#1469,#1471,#614,.F.);
#1777=EDGE_CURVE('',#1472,#1471,#615,.T.);
#1778=EDGE_CURVE('',#1470,#1472,#616,.F.);
#1779=EDGE_CURVE('',#1473,#1474,#617,.T.);
#1780=EDGE_CURVE('',#1473,#1475,#618,.T.);
#1781=EDGE_CURVE('',#1476,#1475,#619,.T.);
#1782=EDGE_CURVE('',#1474,#1476,#620,.T.);
#1783=EDGE_CURVE('',#1449,#1446,#621,.F.);
#1784=EDGE_CURVE('',#1450,#1445,#622,.F.);
#1785=EDGE_CURVE('',#1476,#1470,#623,.F.);
#1786=EDGE_CURVE('',#1469,#1475,#624,.T.);
#1787=EDGE_CURVE('',#1473,#1471,#625,.T.);
#1788=EDGE_CURVE('',#1472,#1474,#626,.F.);
#1789=EDGE_CURVE('',#1461,#1464,#627,.T.);
#1790=EDGE_CURVE('',#1462,#1463,#628,.T.);
#1791=EDGE_CURVE('',#1477,#1478,#629,.T.);
#1792=EDGE_CURVE('',#1479,#1478,#630,.T.);
#1793=EDGE_CURVE('',#1479,#1480,#631,.T.);
#1794=EDGE_CURVE('',#1480,#1477,#632,.T.);
#1795=EDGE_CURVE('',#1481,#1482,#633,.T.);
#1796=EDGE_CURVE('',#1431,#1482,#634,.T.);
#1797=EDGE_CURVE('',#1480,#1429,#635,.T.);
#1798=EDGE_CURVE('',#1483,#1479,#636,.T.);
#1799=EDGE_CURVE('',#1481,#1483,#637,.T.);
#1800=EDGE_CURVE('',#1484,#1485,#638,.T.);
#1801=EDGE_CURVE('',#1482,#1485,#639,.T.);
#1802=EDGE_CURVE('',#1484,#1481,#640,.T.);
#1803=EDGE_CURVE('',#1486,#1487,#641,.T.);
#1804=EDGE_CURVE('',#1486,#1426,#642,.T.);
#1805=EDGE_CURVE('',#1485,#1428,#643,.T.);
#1806=EDGE_CURVE('',#1484,#1488,#644,.T.);
#1807=EDGE_CURVE('',#1488,#1487,#645,.T.);
#1808=EDGE_CURVE('',#1489,#1490,#646,.T.);
#1809=EDGE_CURVE('',#1490,#1486,#647,.T.);
#1810=EDGE_CURVE('',#1489,#1487,#648,.T.);
#1811=EDGE_CURVE('',#1491,#1492,#649,.T.);
#1812=EDGE_CURVE('',#1493,#1492,#650,.T.);
#1813=EDGE_CURVE('',#1493,#1494,#651,.T.);
#1814=EDGE_CURVE('',#1494,#1491,#652,.T.);
#1815=EDGE_CURVE('',#1495,#1496,#653,.T.);
#1816=EDGE_CURVE('',#1423,#1496,#654,.T.);
#1817=EDGE_CURVE('',#1494,#1421,#655,.T.);
#1818=EDGE_CURVE('',#1497,#1493,#656,.T.);
#1819=EDGE_CURVE('',#1495,#1497,#657,.T.);
#1820=EDGE_CURVE('',#1498,#1499,#658,.T.);
#1821=EDGE_CURVE('',#1496,#1499,#659,.T.);
#1822=EDGE_CURVE('',#1498,#1495,#660,.T.);
#1823=EDGE_CURVE('',#1500,#1501,#661,.T.);
#1824=EDGE_CURVE('',#1500,#1418,#662,.T.);
#1825=EDGE_CURVE('',#1499,#1420,#663,.T.);
#1826=EDGE_CURVE('',#1498,#1502,#664,.T.);
#1827=EDGE_CURVE('',#1502,#1501,#665,.T.);
#1828=EDGE_CURVE('',#1503,#1504,#666,.T.);
#1829=EDGE_CURVE('',#1504,#1500,#667,.T.);
#1830=EDGE_CURVE('',#1503,#1501,#668,.T.);
#1831=EDGE_CURVE('',#1505,#1506,#669,.T.);
#1832=EDGE_CURVE('',#1419,#1506,#670,.T.);
#1833=EDGE_CURVE('',#1504,#1417,#671,.T.);
#1834=EDGE_CURVE('',#1507,#1503,#672,.T.);
#1835=EDGE_CURVE('',#1505,#1507,#673,.T.);
#1836=EDGE_CURVE('',#1508,#1509,#674,.T.);
#1837=EDGE_CURVE('',#1509,#1506,#675,.T.);
#1838=EDGE_CURVE('',#1508,#1505,#676,.T.);
#1839=EDGE_CURVE('',#1510,#1511,#677,.T.);
#1840=EDGE_CURVE('',#1509,#1510,#678,.T.);
#1841=EDGE_CURVE('',#1508,#1512,#679,.T.);
#1842=EDGE_CURVE('',#1513,#1512,#680,.T.);
#1843=EDGE_CURVE('',#1513,#1514,#681,.T.);
#1844=EDGE_CURVE('',#1514,#1515,#71,.T.);
#1845=EDGE_CURVE('',#1515,#1516,#682,.T.);
#1846=EDGE_CURVE('',#1516,#1511,#683,.T.);
#1847=EDGE_CURVE('',#1517,#1518,#684,.T.);
#1848=EDGE_CURVE('',#1519,#1517,#685,.T.);
#1849=EDGE_CURVE('',#1519,#1520,#686,.T.);
#1850=EDGE_CURVE('',#1520,#1518,#687,.T.);
#1851=EDGE_CURVE('',#1521,#1522,#688,.T.);
#1852=EDGE_CURVE('',#1517,#1521,#689,.T.);
#1853=EDGE_CURVE('',#1518,#1522,#690,.T.);
#1854=EDGE_CURVE('',#1523,#1524,#691,.T.);
#1855=EDGE_CURVE('',#1525,#1523,#692,.T.);
#1856=EDGE_CURVE('',#1525,#1436,#693,.T.);
#1857=EDGE_CURVE('',#1435,#1526,#694,.T.);
#1858=EDGE_CURVE('',#1526,#1527,#695,.T.);
#1859=EDGE_CURVE('',#1527,#1432,#696,.T.);
#1860=EDGE_CURVE('',#1427,#1528,#697,.T.);
#1861=EDGE_CURVE('',#1528,#1529,#698,.T.);
#1862=EDGE_CURVE('',#1529,#1424,#699,.T.);
#1863=EDGE_CURVE('',#1510,#1524,#700,.T.);
#1864=EDGE_CURVE('',#1491,#1422,#701,.T.);
#1865=EDGE_CURVE('',#1490,#1425,#702,.T.);
#1866=EDGE_CURVE('',#1477,#1430,#703,.T.);
#1867=EDGE_CURVE('',#1530,#1434,#704,.T.);
#1868=EDGE_CURVE('',#1531,#1530,#705,.T.);
#1869=EDGE_CURVE('',#1531,#1433,#706,.T.);
#1870=EDGE_CURVE('',#1522,#1532,#707,.T.);
#1871=EDGE_CURVE('',#1518,#1533,#708,.T.);
#1872=EDGE_CURVE('',#1534,#1533,#709,.T.);
#1873=EDGE_CURVE('',#1535,#1534,#710,.T.);
#1874=EDGE_CURVE('',#1535,#1536,#72,.T.);
#1875=EDGE_CURVE('',#1536,#1532,#711,.T.);
#1876=EDGE_CURVE('',#1520,#1537,#712,.T.);
#1877=EDGE_CURVE('',#1537,#1533,#713,.T.);
#1878=EDGE_CURVE('',#1538,#1529,#714,.T.);
#1879=EDGE_CURVE('',#1538,#1539,#715,.T.);
#1880=EDGE_CURVE('',#1539,#1492,#716,.T.);
#1881=EDGE_CURVE('',#1540,#1528,#717,.T.);
#1882=EDGE_CURVE('',#1538,#1540,#718,.T.);
#1883=EDGE_CURVE('',#1541,#1489,#719,.T.);
#1884=EDGE_CURVE('',#1540,#1541,#720,.T.);
#1885=EDGE_CURVE('',#1542,#1527,#721,.T.);
#1886=EDGE_CURVE('',#1542,#1543,#722,.T.);
#1887=EDGE_CURVE('',#1543,#1478,#723,.T.);
#1888=EDGE_CURVE('',#1544,#1526,#724,.T.);
#1889=EDGE_CURVE('',#1542,#1544,#725,.T.);
#1890=EDGE_CURVE('',#1545,#1531,#726,.T.);
#1891=EDGE_CURVE('',#1546,#1545,#727,.T.);
#1892=EDGE_CURVE('',#1544,#1546,#728,.T.);
#1893=EDGE_CURVE('',#1530,#1547,#729,.T.);
#1894=EDGE_CURVE('',#1545,#1547,#730,.T.);
#1895=EDGE_CURVE('',#1548,#1525,#731,.T.);
#1896=EDGE_CURVE('',#1548,#1549,#732,.T.);
#1897=EDGE_CURVE('',#1549,#1547,#733,.T.);
#1898=EDGE_CURVE('',#1523,#1550,#734,.T.);
#1899=EDGE_CURVE('',#1548,#1550,#735,.T.);
#1900=EDGE_CURVE('',#1551,#1524,#736,.T.);
#1901=EDGE_CURVE('',#1552,#1551,#737,.T.);
#1902=EDGE_CURVE('',#1553,#1552,#738,.T.);
#1903=EDGE_CURVE('',#1553,#1554,#73,.T.);
#1904=EDGE_CURVE('',#1555,#1554,#739,.T.);
#1905=EDGE_CURVE('',#1556,#1555,#740,.T.);
#1906=EDGE_CURVE('',#1550,#1556,#741,.T.);
#1907=EDGE_CURVE('',#1557,#1519,#742,.T.);
#1908=EDGE_CURVE('',#1557,#1551,#743,.T.);
#1909=EDGE_CURVE('',#1511,#1537,#744,.T.);
#1910=EDGE_CURVE('',#1558,#1517,#745,.T.);
#1911=EDGE_CURVE('',#1557,#1558,#746,.T.);
#1912=EDGE_CURVE('',#1559,#1521,#747,.T.);
#1913=EDGE_CURVE('',#1560,#1559,#748,.T.);
#1914=EDGE_CURVE('',#1561,#1560,#74,.T.);
#1915=EDGE_CURVE('',#1562,#1561,#749,.T.);
#1916=EDGE_CURVE('',#1558,#1562,#750,.T.);
#1917=EDGE_CURVE('',#1532,#1559,#751,.T.);
#1918=EDGE_CURVE('',#1507,#1502,#752,.T.);
#1919=EDGE_CURVE('',#1497,#1539,#753,.T.);
#1920=EDGE_CURVE('',#1541,#1488,#754,.T.);
#1921=EDGE_CURVE('',#1483,#1543,#755,.T.);
#1922=EDGE_CURVE('',#1546,#1549,#756,.T.);
#1923=EDGE_CURVE('',#1563,#1556,#757,.T.);
#1924=EDGE_CURVE('',#1564,#1563,#758,.T.);
#1925=EDGE_CURVE('',#1565,#1564,#759,.T.);
#1926=EDGE_CURVE('',#1566,#1565,#760,.T.);
#1927=EDGE_CURVE('',#1567,#1566,#75,.T.);
#1928=EDGE_CURVE('',#1568,#1567,#761,.T.);
#1929=EDGE_CURVE('',#1569,#1568,#762,.T.);
#1930=EDGE_CURVE('',#1570,#1569,#763,.T.);
#1931=EDGE_CURVE('',#1570,#1571,#764,.T.);
#1932=EDGE_CURVE('',#1571,#1572,#765,.T.);
#1933=EDGE_CURVE('',#1572,#1573,#76,.T.);
#1934=EDGE_CURVE('',#1574,#1573,#766,.T.);
#1935=EDGE_CURVE('',#1574,#1575,#767,.T.);
#1936=EDGE_CURVE('',#1575,#1576,#768,.T.);
#1937=EDGE_CURVE('',#1512,#1576,#769,.T.);
#1938=EDGE_CURVE('',#1564,#1577,#770,.T.);
#1939=EDGE_CURVE('',#1577,#1578,#771,.T.);
#1940=EDGE_CURVE('',#1565,#1578,#772,.T.);
#1941=EDGE_CURVE('',#1563,#1579,#773,.T.);
#1942=EDGE_CURVE('',#1579,#1577,#774,.T.);
#1943=EDGE_CURVE('',#1578,#1580,#775,.T.);
#1944=EDGE_CURVE('',#1580,#1566,#776,.T.);
#1945=EDGE_CURVE('',#1579,#1555,#777,.T.);
#1946=EDGE_CURVE('',#1560,#1554,#778,.T.);
#1947=EDGE_CURVE('',#1514,#1536,#779,.T.);
#1948=EDGE_CURVE('',#1513,#1581,#780,.T.);
#1949=EDGE_CURVE('',#1581,#1582,#781,.T.);
#1950=EDGE_CURVE('',#1582,#1583,#782,.T.);
#1951=EDGE_CURVE('',#1583,#1584,#783,.T.);
#1952=EDGE_CURVE('',#1585,#1584,#77,.T.);
#1953=EDGE_CURVE('',#1585,#1586,#784,.T.);
#1954=EDGE_CURVE('',#1586,#1587,#785,.T.);
#1955=EDGE_CURVE('',#1587,#1588,#786,.T.);
#1956=EDGE_CURVE('',#1589,#1588,#787,.T.);
#1957=EDGE_CURVE('',#1590,#1589,#788,.T.);
#1958=EDGE_CURVE('',#1580,#1590,#78,.T.);
#1959=EDGE_CURVE('',#1561,#1553,#789,.T.);
#1960=EDGE_CURVE('',#1562,#1552,#790,.T.);
#1961=EDGE_CURVE('',#1567,#1590,#791,.T.);
#1962=EDGE_CURVE('',#1568,#1589,#792,.T.);
#1963=EDGE_CURVE('',#1569,#1588,#793,.T.);
#1964=EDGE_CURVE('',#1570,#1587,#794,.T.);
#1965=EDGE_CURVE('',#1571,#1586,#795,.T.);
#1966=EDGE_CURVE('',#1572,#1585,#796,.T.);
#1967=EDGE_CURVE('',#1573,#1584,#797,.T.);
#1968=EDGE_CURVE('',#1574,#1583,#798,.T.);
#1969=EDGE_CURVE('',#1575,#1582,#799,.T.);
#1970=EDGE_CURVE('',#1576,#1581,#800,.T.);
#1971=EDGE_CURVE('',#1515,#1535,#801,.T.);
#1972=EDGE_CURVE('',#1516,#1534,#802,.T.);
#1973=EDGE_CURVE('',#1591,#1592,#803,.T.);
#1974=EDGE_CURVE('',#1591,#1593,#804,.T.);
#1975=EDGE_CURVE('',#1593,#1594,#805,.T.);
#1976=EDGE_CURVE('',#1592,#1594,#806,.T.);
#1977=EDGE_CURVE('',#1591,#1595,#807,.T.);
#1978=EDGE_CURVE('',#1592,#1596,#808,.T.);
#1979=EDGE_CURVE('',#1595,#1596,#809,.T.);
#1980=EDGE_CURVE('',#1593,#1597,#810,.T.);
#1981=EDGE_CURVE('',#1597,#1598,#811,.T.);
#1982=EDGE_CURVE('',#1594,#1598,#812,.T.);
#1983=EDGE_CURVE('',#1595,#1597,#813,.T.);
#1984=EDGE_CURVE('',#1599,#1600,#79,.T.);
#1985=EDGE_CURVE('',#1600,#1601,#814,.T.);
#1986=EDGE_CURVE('',#1602,#1601,#80,.T.);
#1987=EDGE_CURVE('',#1599,#1602,#815,.T.);
#1988=EDGE_CURVE('',#1600,#1595,#816,.T.);
#1989=EDGE_CURVE('',#1601,#1596,#817,.T.);
#1990=EDGE_CURVE('',#1596,#1598,#818,.T.);
#1991=EDGE_CURVE('',#1597,#1603,#819,.T.);
#1992=EDGE_CURVE('',#1603,#1604,#820,.T.);
#1993=EDGE_CURVE('',#1598,#1604,#821,.T.);
#1994=EDGE_CURVE('',#1605,#1603,#81,.T.);
#1995=EDGE_CURVE('',#1605,#1606,#822,.T.);
#1996=EDGE_CURVE('',#1606,#1604,#82,.T.);
#1997=EDGE_CURVE('',#1607,#1602,#823,.T.);
#1998=EDGE_CURVE('',#1608,#1607,#824,.T.);
#1999=EDGE_CURVE('',#1599,#1608,#825,.T.);
#2000=EDGE_CURVE('',#1606,#1609,#826,.T.);
#2001=EDGE_CURVE('',#1609,#1607,#827,.T.);
#2002=EDGE_CURVE('',#1609,#1610,#828,.T.);
#2003=EDGE_CURVE('',#1610,#1611,#829,.T.);
#2004=EDGE_CURVE('',#1607,#1611,#830,.T.);
#2005=EDGE_CURVE('',#1612,#1613,#831,.T.);
#2006=EDGE_CURVE('',#1613,#1610,#832,.T.);
#2007=EDGE_CURVE('',#1612,#1609,#833,.T.);
#2008=EDGE_CURVE('',#1612,#1608,#834,.T.);
#2009=EDGE_CURVE('',#1608,#1614,#835,.T.);
#2010=EDGE_CURVE('',#1613,#1614,#836,.T.);
#2011=EDGE_CURVE('',#1614,#1611,#837,.T.);
#2012=EDGE_CURVE('',#1605,#1612,#838,.T.);
#2013=EDGE_CURVE('',#1615,#1616,#839,.T.);
#2014=EDGE_CURVE('',#1615,#1617,#840,.T.);
#2015=EDGE_CURVE('',#1617,#1618,#841,.T.);
#2016=EDGE_CURVE('',#1616,#1618,#842,.T.);
#2017=EDGE_CURVE('',#1619,#1617,#843,.T.);
#2018=EDGE_CURVE('',#1619,#1620,#844,.T.);
#2019=EDGE_CURVE('',#1620,#1618,#845,.T.);
#2020=EDGE_CURVE('',#1621,#1615,#846,.T.);
#2021=EDGE_CURVE('',#1621,#1619,#847,.T.);
#2022=EDGE_CURVE('',#1622,#1616,#848,.T.);
#2023=EDGE_CURVE('',#1621,#1622,#849,.T.);
#2024=EDGE_CURVE('',#1622,#1620,#850,.T.);
#2025=EDGE_CURVE('',#1623,#1622,#851,.T.);
#2026=EDGE_CURVE('',#1624,#1623,#852,.T.);
#2027=EDGE_CURVE('',#1621,#1624,#853,.T.);
#2028=EDGE_CURVE('',#1620,#1625,#854,.T.);
#2029=EDGE_CURVE('',#1625,#1626,#83,.T.);
#2030=EDGE_CURVE('',#1626,#1627,#855,.T.);
#2031=EDGE_CURVE('',#1627,#1628,#856,.T.);
#2032=EDGE_CURVE('',#1628,#1629,#857,.T.);
#2033=EDGE_CURVE('',#1623,#1629,#84,.T.);
#2034=EDGE_CURVE('',#1630,#1631,#858,.T.);
#2035=EDGE_CURVE('',#1630,#1632,#859,.T.);
#2036=EDGE_CURVE('',#1632,#1633,#860,.T.);
#2037=EDGE_CURVE('',#1631,#1633,#861,.T.);
#2038=EDGE_CURVE('',#1630,#1634,#862,.T.);
#2039=EDGE_CURVE('',#1631,#1627,#863,.T.);
#2040=EDGE_CURVE('',#1634,#1627,#864,.T.);
#2041=EDGE_CURVE('',#1632,#1635,#865,.T.);
#2042=EDGE_CURVE('',#1635,#1628,#866,.T.);
#2043=EDGE_CURVE('',#1633,#1628,#867,.T.);
#2044=EDGE_CURVE('',#1634,#1635,#868,.T.);
#2045=EDGE_CURVE('',#1636,#1637,#85,.T.);
#2046=EDGE_CURVE('',#1637,#1626,#869,.T.);
#2047=EDGE_CURVE('',#1636,#1625,#870,.T.);
#2048=EDGE_CURVE('',#1637,#1634,#871,.T.);
#2049=EDGE_CURVE('',#1635,#1638,#872,.T.);
#2050=EDGE_CURVE('',#1638,#1629,#873,.T.);
#2051=EDGE_CURVE('',#1624,#1638,#86,.T.);
#2052=EDGE_CURVE('',#1636,#1619,#874,.T.);
#2053=EDGE_CURVE('',#1639,#1640,#875,.T.);
#2054=EDGE_CURVE('',#1639,#1641,#876,.T.);
#2055=EDGE_CURVE('',#1641,#1642,#877,.T.);
#2056=EDGE_CURVE('',#1640,#1642,#878,.T.);
#2057=EDGE_CURVE('',#1643,#1639,#879,.T.);
#2058=EDGE_CURVE('',#1644,#1640,#880,.T.);
#2059=EDGE_CURVE('',#1643,#1644,#881,.T.);
#2060=EDGE_CURVE('',#1645,#1642,#882,.T.);
#2061=EDGE_CURVE('',#1644,#1645,#883,.T.);
#2062=EDGE_CURVE('',#1646,#1641,#884,.T.);
#2063=EDGE_CURVE('',#1646,#1645,#885,.T.);
#2064=EDGE_CURVE('',#1643,#1646,#886,.T.);
#2065=EDGE_CURVE('',#1647,#1644,#887,.T.);
#2066=EDGE_CURVE('',#1648,#1647,#888,.T.);
#2067=EDGE_CURVE('',#1648,#1643,#889,.T.);
#2068=EDGE_CURVE('',#1645,#1649,#890,.T.);
#2069=EDGE_CURVE('',#1649,#1650,#87,.T.);
#2070=EDGE_CURVE('',#1650,#1651,#891,.T.);
#2071=EDGE_CURVE('',#1651,#1652,#892,.T.);
#2072=EDGE_CURVE('',#1652,#1653,#893,.T.);
#2073=EDGE_CURVE('',#1647,#1653,#88,.T.);
#2074=EDGE_CURVE('',#1654,#1655,#894,.T.);
#2075=EDGE_CURVE('',#1654,#1656,#895,.T.);
#2076=EDGE_CURVE('',#1656,#1657,#896,.T.);
#2077=EDGE_CURVE('',#1655,#1657,#897,.T.);
#2078=EDGE_CURVE('',#1654,#1658,#898,.T.);
#2079=EDGE_CURVE('',#1655,#1651,#899,.T.);
#2080=EDGE_CURVE('',#1658,#1651,#900,.T.);
#2081=EDGE_CURVE('',#1656,#1659,#901,.T.);
#2082=EDGE_CURVE('',#1659,#1652,#902,.T.);
#2083=EDGE_CURVE('',#1657,#1652,#903,.T.);
#2084=EDGE_CURVE('',#1660,#1661,#89,.T.);
#2085=EDGE_CURVE('',#1661,#1650,#904,.T.);
#2086=EDGE_CURVE('',#1660,#1649,#905,.T.);
#2087=EDGE_CURVE('',#1661,#1658,#906,.T.);
#2088=EDGE_CURVE('',#1658,#1659,#907,.T.);
#2089=EDGE_CURVE('',#1659,#1662,#908,.T.);
#2090=EDGE_CURVE('',#1662,#1653,#909,.T.);
#2091=EDGE_CURVE('',#1648,#1662,#90,.T.);
#2092=EDGE_CURVE('',#1660,#1646,#910,.T.);
#2093=EDGE_CURVE('',#1663,#1664,#911,.T.);
#2094=EDGE_CURVE('',#1663,#1665,#912,.T.);
#2095=EDGE_CURVE('',#1665,#1666,#913,.T.);
#2096=EDGE_CURVE('',#1664,#1666,#914,.T.);
#2097=EDGE_CURVE('',#1663,#1667,#915,.T.);
#2098=EDGE_CURVE('',#1664,#1668,#916,.T.);
#2099=EDGE_CURVE('',#1667,#1668,#917,.T.);
#2100=EDGE_CURVE('',#1665,#1669,#918,.T.);
#2101=EDGE_CURVE('',#1669,#1670,#919,.T.);
#2102=EDGE_CURVE('',#1666,#1670,#920,.T.);
#2103=EDGE_CURVE('',#1667,#1669,#921,.T.);
#2104=EDGE_CURVE('',#1671,#1672,#91,.T.);
#2105=EDGE_CURVE('',#1672,#1673,#922,.T.);
#2106=EDGE_CURVE('',#1674,#1673,#92,.T.);
#2107=EDGE_CURVE('',#1671,#1674,#923,.T.);
#2108=EDGE_CURVE('',#1672,#1667,#924,.T.);
#2109=EDGE_CURVE('',#1673,#1668,#925,.T.);
#2110=EDGE_CURVE('',#1668,#1670,#926,.T.);
#2111=EDGE_CURVE('',#1669,#1675,#927,.T.);
#2112=EDGE_CURVE('',#1675,#1676,#928,.T.);
#2113=EDGE_CURVE('',#1670,#1676,#929,.T.);
#2114=EDGE_CURVE('',#1677,#1675,#93,.T.);
#2115=EDGE_CURVE('',#1677,#1678,#930,.T.);
#2116=EDGE_CURVE('',#1678,#1676,#94,.T.);
#2117=EDGE_CURVE('',#1679,#1674,#931,.T.);
#2118=EDGE_CURVE('',#1680,#1679,#932,.T.);
#2119=EDGE_CURVE('',#1671,#1680,#933,.T.);
#2120=EDGE_CURVE('',#1678,#1681,#934,.T.);
#2121=EDGE_CURVE('',#1681,#1679,#935,.T.);
#2122=EDGE_CURVE('',#1681,#1682,#936,.T.);
#2123=EDGE_CURVE('',#1682,#1683,#937,.T.);
#2124=EDGE_CURVE('',#1679,#1683,#938,.T.);
#2125=EDGE_CURVE('',#1684,#1685,#939,.T.);
#2126=EDGE_CURVE('',#1685,#1682,#940,.T.);
#2127=EDGE_CURVE('',#1684,#1681,#941,.T.);
#2128=EDGE_CURVE('',#1684,#1680,#942,.T.);
#2129=EDGE_CURVE('',#1680,#1686,#943,.T.);
#2130=EDGE_CURVE('',#1685,#1686,#944,.T.);
#2131=EDGE_CURVE('',#1686,#1683,#945,.T.);
#2132=EDGE_CURVE('',#1677,#1684,#946,.T.);
#2133=EDGE_CURVE('',#1687,#1688,#947,.T.);
#2134=EDGE_CURVE('',#1687,#1689,#948,.T.);
#2135=EDGE_CURVE('',#1689,#1690,#949,.T.);
#2136=EDGE_CURVE('',#1688,#1690,#950,.T.);
#2137=EDGE_CURVE('',#1687,#1691,#951,.T.);
#2138=EDGE_CURVE('',#1688,#1692,#952,.T.);
#2139=EDGE_CURVE('',#1691,#1692,#953,.T.);
#2140=EDGE_CURVE('',#1689,#1693,#954,.T.);
#2141=EDGE_CURVE('',#1693,#1694,#955,.T.);
#2142=EDGE_CURVE('',#1690,#1694,#956,.T.);
#2143=EDGE_CURVE('',#1691,#1693,#957,.T.);
#2144=EDGE_CURVE('',#1695,#1696,#95,.T.);
#2145=EDGE_CURVE('',#1696,#1697,#958,.T.);
#2146=EDGE_CURVE('',#1698,#1697,#96,.T.);
#2147=EDGE_CURVE('',#1695,#1698,#959,.T.);
#2148=EDGE_CURVE('',#1696,#1691,#960,.T.);
#2149=EDGE_CURVE('',#1697,#1692,#961,.T.);
#2150=EDGE_CURVE('',#1692,#1694,#962,.T.);
#2151=EDGE_CURVE('',#1693,#1699,#963,.T.);
#2152=EDGE_CURVE('',#1699,#1700,#964,.T.);
#2153=EDGE_CURVE('',#1694,#1700,#965,.T.);
#2154=EDGE_CURVE('',#1701,#1699,#97,.T.);
#2155=EDGE_CURVE('',#1701,#1702,#966,.T.);
#2156=EDGE_CURVE('',#1702,#1700,#98,.T.);
#2157=EDGE_CURVE('',#1703,#1698,#967,.T.);
#2158=EDGE_CURVE('',#1704,#1703,#968,.T.);
#2159=EDGE_CURVE('',#1695,#1704,#969,.T.);
#2160=EDGE_CURVE('',#1702,#1705,#970,.T.);
#2161=EDGE_CURVE('',#1705,#1703,#971,.T.);
#2162=EDGE_CURVE('',#1705,#1706,#972,.T.);
#2163=EDGE_CURVE('',#1706,#1707,#973,.T.);
#2164=EDGE_CURVE('',#1703,#1707,#974,.T.);
#2165=EDGE_CURVE('',#1708,#1709,#975,.T.);
#2166=EDGE_CURVE('',#1709,#1706,#976,.T.);
#2167=EDGE_CURVE('',#1708,#1705,#977,.T.);
#2168=EDGE_CURVE('',#1708,#1704,#978,.T.);
#2169=EDGE_CURVE('',#1704,#1710,#979,.T.);
#2170=EDGE_CURVE('',#1709,#1710,#980,.T.);
#2171=EDGE_CURVE('',#1710,#1707,#981,.T.);
#2172=EDGE_CURVE('',#1701,#1708,#982,.T.);
#2173=ORIENTED_EDGE('',*,*,#1711,.F.);
#2174=ORIENTED_EDGE('',*,*,#1712,.T.);
#2175=ORIENTED_EDGE('',*,*,#1713,.F.);
#2176=ORIENTED_EDGE('',*,*,#1714,.F.);
#2177=ORIENTED_EDGE('',*,*,#1715,.F.);
#2178=ORIENTED_EDGE('',*,*,#1716,.T.);
#2179=ORIENTED_EDGE('',*,*,#1717,.F.);
#2180=ORIENTED_EDGE('',*,*,#1718,.F.);
#2181=ORIENTED_EDGE('',*,*,#1719,.F.);
#2182=ORIENTED_EDGE('',*,*,#1720,.T.);
#2183=ORIENTED_EDGE('',*,*,#1721,.F.);
#2184=ORIENTED_EDGE('',*,*,#1722,.F.);
#2185=ORIENTED_EDGE('',*,*,#1723,.F.);
#2186=ORIENTED_EDGE('',*,*,#1724,.T.);
#2187=ORIENTED_EDGE('',*,*,#1725,.F.);
#2188=ORIENTED_EDGE('',*,*,#1726,.F.);
#2189=ORIENTED_EDGE('',*,*,#1727,.F.);
#2190=ORIENTED_EDGE('',*,*,#1728,.T.);
#2191=ORIENTED_EDGE('',*,*,#1729,.F.);
#2192=ORIENTED_EDGE('',*,*,#1730,.F.);
#2193=ORIENTED_EDGE('',*,*,#1731,.F.);
#2194=ORIENTED_EDGE('',*,*,#1732,.T.);
#2195=ORIENTED_EDGE('',*,*,#1733,.F.);
#2196=ORIENTED_EDGE('',*,*,#1734,.F.);
#2197=ORIENTED_EDGE('',*,*,#1735,.F.);
#2198=ORIENTED_EDGE('',*,*,#1736,.F.);
#2199=ORIENTED_EDGE('',*,*,#1737,.T.);
#2200=ORIENTED_EDGE('',*,*,#1738,.F.);
#2201=ORIENTED_EDGE('',*,*,#1736,.T.);
#2202=ORIENTED_EDGE('',*,*,#1739,.F.);
#2203=ORIENTED_EDGE('',*,*,#1740,.T.);
#2204=ORIENTED_EDGE('',*,*,#1741,.F.);
#2205=ORIENTED_EDGE('',*,*,#1733,.T.);
#2206=ORIENTED_EDGE('',*,*,#1742,.F.);
#2207=ORIENTED_EDGE('',*,*,#1743,.T.);
#2208=ORIENTED_EDGE('',*,*,#1744,.F.);
#2209=ORIENTED_EDGE('',*,*,#1738,.T.);
#2210=ORIENTED_EDGE('',*,*,#1745,.F.);
#2211=ORIENTED_EDGE('',*,*,#1746,.T.);
#2212=ORIENTED_EDGE('',*,*,#1747,.F.);
#2213=ORIENTED_EDGE('',*,*,#1748,.F.);
#2214=ORIENTED_EDGE('',*,*,#1749,.T.);
#2215=ORIENTED_EDGE('',*,*,#1750,.F.);
#2216=ORIENTED_EDGE('',*,*,#1751,.F.);
#2217=ORIENTED_EDGE('',*,*,#1752,.F.);
#2218=ORIENTED_EDGE('',*,*,#1753,.F.);
#2219=ORIENTED_EDGE('',*,*,#1754,.F.);
#2220=ORIENTED_EDGE('',*,*,#1755,.T.);
#2221=ORIENTED_EDGE('',*,*,#1754,.T.);
#2222=ORIENTED_EDGE('',*,*,#1756,.F.);
#2223=ORIENTED_EDGE('',*,*,#1757,.T.);
#2224=ORIENTED_EDGE('',*,*,#1758,.F.);
#2225=ORIENTED_EDGE('',*,*,#1750,.T.);
#2226=ORIENTED_EDGE('',*,*,#1759,.F.);
#2227=ORIENTED_EDGE('',*,*,#1760,.T.);
#2228=ORIENTED_EDGE('',*,*,#1761,.F.);
#2229=ORIENTED_EDGE('',*,*,#1748,.T.);
#2230=ORIENTED_EDGE('',*,*,#1762,.F.);
#2231=ORIENTED_EDGE('',*,*,#1763,.T.);
#2232=ORIENTED_EDGE('',*,*,#1764,.F.);
#2233=ORIENTED_EDGE('',*,*,#1752,.T.);
#2234=ORIENTED_EDGE('',*,*,#1765,.F.);
#2235=ORIENTED_EDGE('',*,*,#1766,.T.);
#2236=ORIENTED_EDGE('',*,*,#1767,.F.);
#2237=ORIENTED_EDGE('',*,*,#1743,.F.);
#2238=ORIENTED_EDGE('',*,*,#1768,.T.);
#2239=ORIENTED_EDGE('',*,*,#1769,.F.);
#2240=ORIENTED_EDGE('',*,*,#1770,.F.);
#2241=ORIENTED_EDGE('',*,*,#1766,.F.);
#2242=ORIENTED_EDGE('',*,*,#1771,.T.);
#2243=ORIENTED_EDGE('',*,*,#1757,.F.);
#2244=ORIENTED_EDGE('',*,*,#1772,.F.);
#2245=ORIENTED_EDGE('',*,*,#1731,.T.);
#2246=ORIENTED_EDGE('',*,*,#1773,.F.);
#2247=ORIENTED_EDGE('',*,*,#1769,.T.);
#2248=ORIENTED_EDGE('',*,*,#1774,.F.);
#2249=ORIENTED_EDGE('',*,*,#1775,.F.);
#2250=ORIENTED_EDGE('',*,*,#1776,.T.);
#2251=ORIENTED_EDGE('',*,*,#1777,.F.);
#2252=ORIENTED_EDGE('',*,*,#1778,.F.);
#2253=ORIENTED_EDGE('',*,*,#1779,.F.);
#2254=ORIENTED_EDGE('',*,*,#1780,.T.);
#2255=ORIENTED_EDGE('',*,*,#1781,.F.);
#2256=ORIENTED_EDGE('',*,*,#1782,.F.);
#2257=ORIENTED_EDGE('',*,*,#1746,.F.);
#2258=ORIENTED_EDGE('',*,*,#1783,.T.);
#2259=ORIENTED_EDGE('',*,*,#1740,.F.);
#2260=ORIENTED_EDGE('',*,*,#1784,.F.);
#2261=ORIENTED_EDGE('',*,*,#1775,.T.);
#2262=ORIENTED_EDGE('',*,*,#1785,.F.);
#2263=ORIENTED_EDGE('',*,*,#1781,.T.);
#2264=ORIENTED_EDGE('',*,*,#1786,.F.);
#2265=ORIENTED_EDGE('',*,*,#1777,.T.);
#2266=ORIENTED_EDGE('',*,*,#1787,.F.);
#2267=ORIENTED_EDGE('',*,*,#1779,.T.);
#2268=ORIENTED_EDGE('',*,*,#1788,.F.);
#2269=ORIENTED_EDGE('',*,*,#1760,.F.);
#2270=ORIENTED_EDGE('',*,*,#1789,.T.);
#2271=ORIENTED_EDGE('',*,*,#1763,.F.);
#2272=ORIENTED_EDGE('',*,*,#1790,.F.);
#2273=ORIENTED_EDGE('',*,*,#1791,.T.);
#2274=ORIENTED_EDGE('',*,*,#1792,.F.);
#2275=ORIENTED_EDGE('',*,*,#1793,.T.);
#2276=ORIENTED_EDGE('',*,*,#1794,.T.);
#2277=ORIENTED_EDGE('',*,*,#1753,.T.);
#2278=ORIENTED_EDGE('',*,*,#1767,.T.);
#2279=ORIENTED_EDGE('',*,*,#1772,.T.);
#2280=ORIENTED_EDGE('',*,*,#1756,.T.);
#2281=ORIENTED_EDGE('',*,*,#1795,.T.);
#2282=ORIENTED_EDGE('',*,*,#1796,.F.);
#2283=ORIENTED_EDGE('',*,*,#1724,.F.);
#2284=ORIENTED_EDGE('',*,*,#1797,.F.);
#2285=ORIENTED_EDGE('',*,*,#1793,.F.);
#2286=ORIENTED_EDGE('',*,*,#1798,.F.);
#2287=ORIENTED_EDGE('',*,*,#1799,.F.);
#2288=ORIENTED_EDGE('',*,*,#1800,.T.);
#2289=ORIENTED_EDGE('',*,*,#1801,.F.);
#2290=ORIENTED_EDGE('',*,*,#1795,.F.);
#2291=ORIENTED_EDGE('',*,*,#1802,.F.);
#2292=ORIENTED_EDGE('',*,*,#1803,.F.);
#2293=ORIENTED_EDGE('',*,*,#1804,.T.);
#2294=ORIENTED_EDGE('',*,*,#1722,.T.);
#2295=ORIENTED_EDGE('',*,*,#1805,.F.);
#2296=ORIENTED_EDGE('',*,*,#1800,.F.);
#2297=ORIENTED_EDGE('',*,*,#1806,.T.);
#2298=ORIENTED_EDGE('',*,*,#1807,.T.);
#2299=ORIENTED_EDGE('',*,*,#1808,.T.);
#2300=ORIENTED_EDGE('',*,*,#1809,.T.);
#2301=ORIENTED_EDGE('',*,*,#1803,.T.);
#2302=ORIENTED_EDGE('',*,*,#1810,.F.);
#2303=ORIENTED_EDGE('',*,*,#1744,.T.);
#2304=ORIENTED_EDGE('',*,*,#1770,.T.);
#2305=ORIENTED_EDGE('',*,*,#1773,.T.);
#2306=ORIENTED_EDGE('',*,*,#1734,.T.);
#2307=ORIENTED_EDGE('',*,*,#1811,.T.);
#2308=ORIENTED_EDGE('',*,*,#1812,.F.);
#2309=ORIENTED_EDGE('',*,*,#1813,.T.);
#2310=ORIENTED_EDGE('',*,*,#1814,.T.);
#2311=ORIENTED_EDGE('',*,*,#1735,.T.);
#2312=ORIENTED_EDGE('',*,*,#1747,.T.);
#2313=ORIENTED_EDGE('',*,*,#1784,.T.);
#2314=ORIENTED_EDGE('',*,*,#1739,.T.);
#2315=ORIENTED_EDGE('',*,*,#1815,.T.);
#2316=ORIENTED_EDGE('',*,*,#1816,.F.);
#2317=ORIENTED_EDGE('',*,*,#1716,.F.);
#2318=ORIENTED_EDGE('',*,*,#1817,.F.);
#2319=ORIENTED_EDGE('',*,*,#1813,.F.);
#2320=ORIENTED_EDGE('',*,*,#1818,.F.);
#2321=ORIENTED_EDGE('',*,*,#1819,.F.);
#2322=ORIENTED_EDGE('',*,*,#1820,.T.);
#2323=ORIENTED_EDGE('',*,*,#1821,.F.);
#2324=ORIENTED_EDGE('',*,*,#1815,.F.);
#2325=ORIENTED_EDGE('',*,*,#1822,.F.);
#2326=ORIENTED_EDGE('',*,*,#1823,.F.);
#2327=ORIENTED_EDGE('',*,*,#1824,.T.);
#2328=ORIENTED_EDGE('',*,*,#1714,.T.);
#2329=ORIENTED_EDGE('',*,*,#1825,.F.);
#2330=ORIENTED_EDGE('',*,*,#1820,.F.);
#2331=ORIENTED_EDGE('',*,*,#1826,.T.);
#2332=ORIENTED_EDGE('',*,*,#1827,.T.);
#2333=ORIENTED_EDGE('',*,*,#1828,.T.);
#2334=ORIENTED_EDGE('',*,*,#1829,.T.);
#2335=ORIENTED_EDGE('',*,*,#1823,.T.);
#2336=ORIENTED_EDGE('',*,*,#1830,.F.);
#2337=ORIENTED_EDGE('',*,*,#1778,.T.);
#2338=ORIENTED_EDGE('',*,*,#1788,.T.);
#2339=ORIENTED_EDGE('',*,*,#1782,.T.);
#2340=ORIENTED_EDGE('',*,*,#1785,.T.);
#2341=ORIENTED_EDGE('',*,*,#1831,.T.);
#2342=ORIENTED_EDGE('',*,*,#1832,.F.);
#2343=ORIENTED_EDGE('',*,*,#1712,.F.);
#2344=ORIENTED_EDGE('',*,*,#1833,.F.);
#2345=ORIENTED_EDGE('',*,*,#1828,.F.);
#2346=ORIENTED_EDGE('',*,*,#1834,.F.);
#2347=ORIENTED_EDGE('',*,*,#1835,.F.);
#2348=ORIENTED_EDGE('',*,*,#1836,.T.);
#2349=ORIENTED_EDGE('',*,*,#1837,.T.);
#2350=ORIENTED_EDGE('',*,*,#1831,.F.);
#2351=ORIENTED_EDGE('',*,*,#1838,.F.);
#2352=ORIENTED_EDGE('',*,*,#1839,.F.);
#2353=ORIENTED_EDGE('',*,*,#1840,.F.);
#2354=ORIENTED_EDGE('',*,*,#1836,.F.);
#2355=ORIENTED_EDGE('',*,*,#1841,.T.);
#2356=ORIENTED_EDGE('',*,*,#1842,.F.);
#2357=ORIENTED_EDGE('',*,*,#1843,.T.);
#2358=ORIENTED_EDGE('',*,*,#1844,.T.);
#2359=ORIENTED_EDGE('',*,*,#1845,.T.);
#2360=ORIENTED_EDGE('',*,*,#1846,.T.);
#2361=ORIENTED_EDGE('',*,*,#1847,.F.);
#2362=ORIENTED_EDGE('',*,*,#1848,.F.);
#2363=ORIENTED_EDGE('',*,*,#1849,.T.);
#2364=ORIENTED_EDGE('',*,*,#1850,.T.);
#2365=ORIENTED_EDGE('',*,*,#1851,.F.);
#2366=ORIENTED_EDGE('',*,*,#1852,.F.);
#2367=ORIENTED_EDGE('',*,*,#1847,.T.);
#2368=ORIENTED_EDGE('',*,*,#1853,.T.);
#2369=ORIENTED_EDGE('',*,*,#1854,.F.);
#2370=ORIENTED_EDGE('',*,*,#1855,.F.);
#2371=ORIENTED_EDGE('',*,*,#1856,.T.);
#2372=ORIENTED_EDGE('',*,*,#1729,.T.);
#2373=ORIENTED_EDGE('',*,*,#1857,.T.);
#2374=ORIENTED_EDGE('',*,*,#1858,.T.);
#2375=ORIENTED_EDGE('',*,*,#1859,.T.);
#2376=ORIENTED_EDGE('',*,*,#1725,.T.);
#2377=ORIENTED_EDGE('',*,*,#1796,.T.);
#2378=ORIENTED_EDGE('',*,*,#1801,.T.);
#2379=ORIENTED_EDGE('',*,*,#1805,.T.);
#2380=ORIENTED_EDGE('',*,*,#1721,.T.);
#2381=ORIENTED_EDGE('',*,*,#1860,.T.);
#2382=ORIENTED_EDGE('',*,*,#1861,.T.);
#2383=ORIENTED_EDGE('',*,*,#1862,.T.);
#2384=ORIENTED_EDGE('',*,*,#1717,.T.);
#2385=ORIENTED_EDGE('',*,*,#1816,.T.);
#2386=ORIENTED_EDGE('',*,*,#1821,.T.);
#2387=ORIENTED_EDGE('',*,*,#1825,.T.);
#2388=ORIENTED_EDGE('',*,*,#1713,.T.);
#2389=ORIENTED_EDGE('',*,*,#1832,.T.);
#2390=ORIENTED_EDGE('',*,*,#1837,.F.);
#2391=ORIENTED_EDGE('',*,*,#1840,.T.);
#2392=ORIENTED_EDGE('',*,*,#1863,.T.);
#2393=ORIENTED_EDGE('',*,*,#1711,.T.);
#2394=ORIENTED_EDGE('',*,*,#1824,.F.);
#2395=ORIENTED_EDGE('',*,*,#1829,.F.);
#2396=ORIENTED_EDGE('',*,*,#1833,.T.);
#2397=ORIENTED_EDGE('',*,*,#1814,.F.);
#2398=ORIENTED_EDGE('',*,*,#1817,.T.);
#2399=ORIENTED_EDGE('',*,*,#1715,.T.);
#2400=ORIENTED_EDGE('',*,*,#1864,.F.);
#2401=ORIENTED_EDGE('',*,*,#1809,.F.);
#2402=ORIENTED_EDGE('',*,*,#1865,.T.);
#2403=ORIENTED_EDGE('',*,*,#1719,.T.);
#2404=ORIENTED_EDGE('',*,*,#1804,.F.);
#2405=ORIENTED_EDGE('',*,*,#1794,.F.);
#2406=ORIENTED_EDGE('',*,*,#1797,.T.);
#2407=ORIENTED_EDGE('',*,*,#1723,.T.);
#2408=ORIENTED_EDGE('',*,*,#1866,.F.);
#2409=ORIENTED_EDGE('',*,*,#1727,.T.);
#2410=ORIENTED_EDGE('',*,*,#1867,.F.);
#2411=ORIENTED_EDGE('',*,*,#1868,.F.);
#2412=ORIENTED_EDGE('',*,*,#1869,.T.);
#2413=ORIENTED_EDGE('',*,*,#1870,.F.);
#2414=ORIENTED_EDGE('',*,*,#1853,.F.);
#2415=ORIENTED_EDGE('',*,*,#1871,.T.);
#2416=ORIENTED_EDGE('',*,*,#1872,.F.);
#2417=ORIENTED_EDGE('',*,*,#1873,.F.);
#2418=ORIENTED_EDGE('',*,*,#1874,.T.);
#2419=ORIENTED_EDGE('',*,*,#1875,.T.);
#2420=ORIENTED_EDGE('',*,*,#1871,.F.);
#2421=ORIENTED_EDGE('',*,*,#1850,.F.);
#2422=ORIENTED_EDGE('',*,*,#1876,.T.);
#2423=ORIENTED_EDGE('',*,*,#1877,.T.);
#2424=ORIENTED_EDGE('',*,*,#1878,.F.);
#2425=ORIENTED_EDGE('',*,*,#1879,.T.);
#2426=ORIENTED_EDGE('',*,*,#1880,.T.);
#2427=ORIENTED_EDGE('',*,*,#1811,.F.);
#2428=ORIENTED_EDGE('',*,*,#1864,.T.);
#2429=ORIENTED_EDGE('',*,*,#1718,.T.);
#2430=ORIENTED_EDGE('',*,*,#1862,.F.);
#2431=ORIENTED_EDGE('',*,*,#1881,.F.);
#2432=ORIENTED_EDGE('',*,*,#1882,.F.);
#2433=ORIENTED_EDGE('',*,*,#1878,.T.);
#2434=ORIENTED_EDGE('',*,*,#1861,.F.);
#2435=ORIENTED_EDGE('',*,*,#1808,.F.);
#2436=ORIENTED_EDGE('',*,*,#1883,.F.);
#2437=ORIENTED_EDGE('',*,*,#1884,.F.);
#2438=ORIENTED_EDGE('',*,*,#1881,.T.);
#2439=ORIENTED_EDGE('',*,*,#1860,.F.);
#2440=ORIENTED_EDGE('',*,*,#1720,.F.);
#2441=ORIENTED_EDGE('',*,*,#1865,.F.);
#2442=ORIENTED_EDGE('',*,*,#1885,.F.);
#2443=ORIENTED_EDGE('',*,*,#1886,.T.);
#2444=ORIENTED_EDGE('',*,*,#1887,.T.);
#2445=ORIENTED_EDGE('',*,*,#1791,.F.);
#2446=ORIENTED_EDGE('',*,*,#1866,.T.);
#2447=ORIENTED_EDGE('',*,*,#1726,.T.);
#2448=ORIENTED_EDGE('',*,*,#1859,.F.);
#2449=ORIENTED_EDGE('',*,*,#1888,.F.);
#2450=ORIENTED_EDGE('',*,*,#1889,.F.);
#2451=ORIENTED_EDGE('',*,*,#1885,.T.);
#2452=ORIENTED_EDGE('',*,*,#1858,.F.);
#2453=ORIENTED_EDGE('',*,*,#1890,.F.);
#2454=ORIENTED_EDGE('',*,*,#1891,.F.);
#2455=ORIENTED_EDGE('',*,*,#1892,.F.);
#2456=ORIENTED_EDGE('',*,*,#1888,.T.);
#2457=ORIENTED_EDGE('',*,*,#1857,.F.);
#2458=ORIENTED_EDGE('',*,*,#1728,.F.);
#2459=ORIENTED_EDGE('',*,*,#1869,.F.);
#2460=ORIENTED_EDGE('',*,*,#1890,.T.);
#2461=ORIENTED_EDGE('',*,*,#1868,.T.);
#2462=ORIENTED_EDGE('',*,*,#1893,.T.);
#2463=ORIENTED_EDGE('',*,*,#1894,.F.);
#2464=ORIENTED_EDGE('',*,*,#1761,.T.);
#2465=ORIENTED_EDGE('',*,*,#1790,.T.);
#2466=ORIENTED_EDGE('',*,*,#1762,.T.);
#2467=ORIENTED_EDGE('',*,*,#1751,.T.);
#2468=ORIENTED_EDGE('',*,*,#1895,.F.);
#2469=ORIENTED_EDGE('',*,*,#1896,.T.);
#2470=ORIENTED_EDGE('',*,*,#1897,.T.);
#2471=ORIENTED_EDGE('',*,*,#1893,.F.);
#2472=ORIENTED_EDGE('',*,*,#1867,.T.);
#2473=ORIENTED_EDGE('',*,*,#1730,.T.);
#2474=ORIENTED_EDGE('',*,*,#1856,.F.);
#2475=ORIENTED_EDGE('',*,*,#1898,.T.);
#2476=ORIENTED_EDGE('',*,*,#1899,.F.);
#2477=ORIENTED_EDGE('',*,*,#1895,.T.);
#2478=ORIENTED_EDGE('',*,*,#1855,.T.);
#2479=ORIENTED_EDGE('',*,*,#1900,.F.);
#2480=ORIENTED_EDGE('',*,*,#1901,.F.);
#2481=ORIENTED_EDGE('',*,*,#1902,.F.);
#2482=ORIENTED_EDGE('',*,*,#1903,.T.);
#2483=ORIENTED_EDGE('',*,*,#1904,.F.);
#2484=ORIENTED_EDGE('',*,*,#1905,.F.);
#2485=ORIENTED_EDGE('',*,*,#1906,.F.);
#2486=ORIENTED_EDGE('',*,*,#1898,.F.);
#2487=ORIENTED_EDGE('',*,*,#1854,.T.);
#2488=ORIENTED_EDGE('',*,*,#1907,.F.);
#2489=ORIENTED_EDGE('',*,*,#1908,.T.);
#2490=ORIENTED_EDGE('',*,*,#1900,.T.);
#2491=ORIENTED_EDGE('',*,*,#1863,.F.);
#2492=ORIENTED_EDGE('',*,*,#1839,.T.);
#2493=ORIENTED_EDGE('',*,*,#1909,.T.);
#2494=ORIENTED_EDGE('',*,*,#1876,.F.);
#2495=ORIENTED_EDGE('',*,*,#1849,.F.);
#2496=ORIENTED_EDGE('',*,*,#1910,.F.);
#2497=ORIENTED_EDGE('',*,*,#1911,.F.);
#2498=ORIENTED_EDGE('',*,*,#1907,.T.);
#2499=ORIENTED_EDGE('',*,*,#1848,.T.);
#2500=ORIENTED_EDGE('',*,*,#1912,.F.);
#2501=ORIENTED_EDGE('',*,*,#1913,.F.);
#2502=ORIENTED_EDGE('',*,*,#1914,.F.);
#2503=ORIENTED_EDGE('',*,*,#1915,.F.);
#2504=ORIENTED_EDGE('',*,*,#1916,.F.);
#2505=ORIENTED_EDGE('',*,*,#1910,.T.);
#2506=ORIENTED_EDGE('',*,*,#1852,.T.);
#2507=ORIENTED_EDGE('',*,*,#1870,.T.);
#2508=ORIENTED_EDGE('',*,*,#1917,.T.);
#2509=ORIENTED_EDGE('',*,*,#1912,.T.);
#2510=ORIENTED_EDGE('',*,*,#1851,.T.);
#2511=ORIENTED_EDGE('',*,*,#1741,.T.);
#2512=ORIENTED_EDGE('',*,*,#1783,.F.);
#2513=ORIENTED_EDGE('',*,*,#1745,.T.);
#2514=ORIENTED_EDGE('',*,*,#1737,.F.);
#2515=ORIENTED_EDGE('',*,*,#1758,.T.);
#2516=ORIENTED_EDGE('',*,*,#1771,.F.);
#2517=ORIENTED_EDGE('',*,*,#1765,.T.);
#2518=ORIENTED_EDGE('',*,*,#1755,.F.);
#2519=ORIENTED_EDGE('',*,*,#1749,.F.);
#2520=ORIENTED_EDGE('',*,*,#1764,.T.);
#2521=ORIENTED_EDGE('',*,*,#1789,.F.);
#2522=ORIENTED_EDGE('',*,*,#1759,.T.);
#2523=ORIENTED_EDGE('',*,*,#1786,.T.);
#2524=ORIENTED_EDGE('',*,*,#1780,.F.);
#2525=ORIENTED_EDGE('',*,*,#1787,.T.);
#2526=ORIENTED_EDGE('',*,*,#1776,.F.);
#2527=ORIENTED_EDGE('',*,*,#1732,.F.);
#2528=ORIENTED_EDGE('',*,*,#1774,.T.);
#2529=ORIENTED_EDGE('',*,*,#1768,.F.);
#2530=ORIENTED_EDGE('',*,*,#1742,.T.);
#2531=ORIENTED_EDGE('',*,*,#1841,.F.);
#2532=ORIENTED_EDGE('',*,*,#1838,.T.);
#2533=ORIENTED_EDGE('',*,*,#1835,.T.);
#2534=ORIENTED_EDGE('',*,*,#1918,.T.);
#2535=ORIENTED_EDGE('',*,*,#1826,.F.);
#2536=ORIENTED_EDGE('',*,*,#1822,.T.);
#2537=ORIENTED_EDGE('',*,*,#1819,.T.);
#2538=ORIENTED_EDGE('',*,*,#1919,.T.);
#2539=ORIENTED_EDGE('',*,*,#1879,.F.);
#2540=ORIENTED_EDGE('',*,*,#1882,.T.);
#2541=ORIENTED_EDGE('',*,*,#1884,.T.);
#2542=ORIENTED_EDGE('',*,*,#1920,.T.);
#2543=ORIENTED_EDGE('',*,*,#1806,.F.);
#2544=ORIENTED_EDGE('',*,*,#1802,.T.);
#2545=ORIENTED_EDGE('',*,*,#1799,.T.);
#2546=ORIENTED_EDGE('',*,*,#1921,.T.);
#2547=ORIENTED_EDGE('',*,*,#1886,.F.);
#2548=ORIENTED_EDGE('',*,*,#1889,.T.);
#2549=ORIENTED_EDGE('',*,*,#1892,.T.);
#2550=ORIENTED_EDGE('',*,*,#1922,.T.);
#2551=ORIENTED_EDGE('',*,*,#1896,.F.);
#2552=ORIENTED_EDGE('',*,*,#1899,.T.);
#2553=ORIENTED_EDGE('',*,*,#1906,.T.);
#2554=ORIENTED_EDGE('',*,*,#1923,.F.);
#2555=ORIENTED_EDGE('',*,*,#1924,.F.);
#2556=ORIENTED_EDGE('',*,*,#1925,.F.);
#2557=ORIENTED_EDGE('',*,*,#1926,.F.);
#2558=ORIENTED_EDGE('',*,*,#1927,.F.);
#2559=ORIENTED_EDGE('',*,*,#1928,.F.);
#2560=ORIENTED_EDGE('',*,*,#1929,.F.);
#2561=ORIENTED_EDGE('',*,*,#1930,.F.);
#2562=ORIENTED_EDGE('',*,*,#1931,.T.);
#2563=ORIENTED_EDGE('',*,*,#1932,.T.);
#2564=ORIENTED_EDGE('',*,*,#1933,.T.);
#2565=ORIENTED_EDGE('',*,*,#1934,.F.);
#2566=ORIENTED_EDGE('',*,*,#1935,.T.);
#2567=ORIENTED_EDGE('',*,*,#1936,.T.);
#2568=ORIENTED_EDGE('',*,*,#1937,.F.);
#2569=ORIENTED_EDGE('',*,*,#1894,.T.);
#2570=ORIENTED_EDGE('',*,*,#1897,.F.);
#2571=ORIENTED_EDGE('',*,*,#1922,.F.);
#2572=ORIENTED_EDGE('',*,*,#1891,.T.);
#2573=ORIENTED_EDGE('',*,*,#1921,.F.);
#2574=ORIENTED_EDGE('',*,*,#1798,.T.);
#2575=ORIENTED_EDGE('',*,*,#1792,.T.);
#2576=ORIENTED_EDGE('',*,*,#1887,.F.);
#2577=ORIENTED_EDGE('',*,*,#1920,.F.);
#2578=ORIENTED_EDGE('',*,*,#1883,.T.);
#2579=ORIENTED_EDGE('',*,*,#1810,.T.);
#2580=ORIENTED_EDGE('',*,*,#1807,.F.);
#2581=ORIENTED_EDGE('',*,*,#1919,.F.);
#2582=ORIENTED_EDGE('',*,*,#1818,.T.);
#2583=ORIENTED_EDGE('',*,*,#1812,.T.);
#2584=ORIENTED_EDGE('',*,*,#1880,.F.);
#2585=ORIENTED_EDGE('',*,*,#1830,.T.);
#2586=ORIENTED_EDGE('',*,*,#1827,.F.);
#2587=ORIENTED_EDGE('',*,*,#1918,.F.);
#2588=ORIENTED_EDGE('',*,*,#1834,.T.);
#2589=ORIENTED_EDGE('',*,*,#1925,.T.);
#2590=ORIENTED_EDGE('',*,*,#1938,.T.);
#2591=ORIENTED_EDGE('',*,*,#1939,.T.);
#2592=ORIENTED_EDGE('',*,*,#1940,.F.);
#2593=ORIENTED_EDGE('',*,*,#1924,.T.);
#2594=ORIENTED_EDGE('',*,*,#1941,.T.);
#2595=ORIENTED_EDGE('',*,*,#1942,.T.);
#2596=ORIENTED_EDGE('',*,*,#1938,.F.);
#2597=ORIENTED_EDGE('',*,*,#1940,.T.);
#2598=ORIENTED_EDGE('',*,*,#1943,.T.);
#2599=ORIENTED_EDGE('',*,*,#1944,.T.);
#2600=ORIENTED_EDGE('',*,*,#1926,.T.);
#2601=ORIENTED_EDGE('',*,*,#1945,.T.);
#2602=ORIENTED_EDGE('',*,*,#1904,.T.);
#2603=ORIENTED_EDGE('',*,*,#1946,.F.);
#2604=ORIENTED_EDGE('',*,*,#1913,.T.);
#2605=ORIENTED_EDGE('',*,*,#1917,.F.);
#2606=ORIENTED_EDGE('',*,*,#1875,.F.);
#2607=ORIENTED_EDGE('',*,*,#1947,.F.);
#2608=ORIENTED_EDGE('',*,*,#1843,.F.);
#2609=ORIENTED_EDGE('',*,*,#1948,.T.);
#2610=ORIENTED_EDGE('',*,*,#1949,.T.);
#2611=ORIENTED_EDGE('',*,*,#1950,.T.);
#2612=ORIENTED_EDGE('',*,*,#1951,.T.);
#2613=ORIENTED_EDGE('',*,*,#1952,.F.);
#2614=ORIENTED_EDGE('',*,*,#1953,.T.);
#2615=ORIENTED_EDGE('',*,*,#1954,.T.);
#2616=ORIENTED_EDGE('',*,*,#1955,.T.);
#2617=ORIENTED_EDGE('',*,*,#1956,.F.);
#2618=ORIENTED_EDGE('',*,*,#1957,.F.);
#2619=ORIENTED_EDGE('',*,*,#1958,.F.);
#2620=ORIENTED_EDGE('',*,*,#1943,.F.);
#2621=ORIENTED_EDGE('',*,*,#1939,.F.);
#2622=ORIENTED_EDGE('',*,*,#1942,.F.);
#2623=ORIENTED_EDGE('',*,*,#1945,.F.);
#2624=ORIENTED_EDGE('',*,*,#1941,.F.);
#2625=ORIENTED_EDGE('',*,*,#1923,.T.);
#2626=ORIENTED_EDGE('',*,*,#1905,.T.);
#2627=ORIENTED_EDGE('',*,*,#1914,.T.);
#2628=ORIENTED_EDGE('',*,*,#1946,.T.);
#2629=ORIENTED_EDGE('',*,*,#1903,.F.);
#2630=ORIENTED_EDGE('',*,*,#1959,.F.);
#2631=ORIENTED_EDGE('',*,*,#1915,.T.);
#2632=ORIENTED_EDGE('',*,*,#1959,.T.);
#2633=ORIENTED_EDGE('',*,*,#1902,.T.);
#2634=ORIENTED_EDGE('',*,*,#1960,.F.);
#2635=ORIENTED_EDGE('',*,*,#1916,.T.);
#2636=ORIENTED_EDGE('',*,*,#1960,.T.);
#2637=ORIENTED_EDGE('',*,*,#1901,.T.);
#2638=ORIENTED_EDGE('',*,*,#1908,.F.);
#2639=ORIENTED_EDGE('',*,*,#1911,.T.);
#2640=ORIENTED_EDGE('',*,*,#1961,.F.);
#2641=ORIENTED_EDGE('',*,*,#1927,.T.);
#2642=ORIENTED_EDGE('',*,*,#1944,.F.);
#2643=ORIENTED_EDGE('',*,*,#1958,.T.);
#2644=ORIENTED_EDGE('',*,*,#1961,.T.);
#2645=ORIENTED_EDGE('',*,*,#1957,.T.);
#2646=ORIENTED_EDGE('',*,*,#1962,.F.);
#2647=ORIENTED_EDGE('',*,*,#1928,.T.);
#2648=ORIENTED_EDGE('',*,*,#1929,.T.);
#2649=ORIENTED_EDGE('',*,*,#1962,.T.);
#2650=ORIENTED_EDGE('',*,*,#1956,.T.);
#2651=ORIENTED_EDGE('',*,*,#1963,.F.);
#2652=ORIENTED_EDGE('',*,*,#1955,.F.);
#2653=ORIENTED_EDGE('',*,*,#1964,.F.);
#2654=ORIENTED_EDGE('',*,*,#1930,.T.);
#2655=ORIENTED_EDGE('',*,*,#1963,.T.);
#2656=ORIENTED_EDGE('',*,*,#1931,.F.);
#2657=ORIENTED_EDGE('',*,*,#1964,.T.);
#2658=ORIENTED_EDGE('',*,*,#1954,.F.);
#2659=ORIENTED_EDGE('',*,*,#1965,.F.);
#2660=ORIENTED_EDGE('',*,*,#1966,.F.);
#2661=ORIENTED_EDGE('',*,*,#1932,.F.);
#2662=ORIENTED_EDGE('',*,*,#1965,.T.);
#2663=ORIENTED_EDGE('',*,*,#1953,.F.);
#2664=ORIENTED_EDGE('',*,*,#1966,.T.);
#2665=ORIENTED_EDGE('',*,*,#1952,.T.);
#2666=ORIENTED_EDGE('',*,*,#1967,.F.);
#2667=ORIENTED_EDGE('',*,*,#1933,.F.);
#2668=ORIENTED_EDGE('',*,*,#1935,.F.);
#2669=ORIENTED_EDGE('',*,*,#1968,.T.);
#2670=ORIENTED_EDGE('',*,*,#1950,.F.);
#2671=ORIENTED_EDGE('',*,*,#1969,.F.);
#2672=ORIENTED_EDGE('',*,*,#1936,.F.);
#2673=ORIENTED_EDGE('',*,*,#1969,.T.);
#2674=ORIENTED_EDGE('',*,*,#1949,.F.);
#2675=ORIENTED_EDGE('',*,*,#1970,.F.);
#2676=ORIENTED_EDGE('',*,*,#1967,.T.);
#2677=ORIENTED_EDGE('',*,*,#1951,.F.);
#2678=ORIENTED_EDGE('',*,*,#1968,.F.);
#2679=ORIENTED_EDGE('',*,*,#1934,.T.);
#2680=ORIENTED_EDGE('',*,*,#1845,.F.);
#2681=ORIENTED_EDGE('',*,*,#1971,.T.);
#2682=ORIENTED_EDGE('',*,*,#1873,.T.);
#2683=ORIENTED_EDGE('',*,*,#1972,.F.);
#2684=ORIENTED_EDGE('',*,*,#1844,.F.);
#2685=ORIENTED_EDGE('',*,*,#1947,.T.);
#2686=ORIENTED_EDGE('',*,*,#1874,.F.);
#2687=ORIENTED_EDGE('',*,*,#1971,.F.);
#2688=ORIENTED_EDGE('',*,*,#1948,.F.);
#2689=ORIENTED_EDGE('',*,*,#1842,.T.);
#2690=ORIENTED_EDGE('',*,*,#1937,.T.);
#2691=ORIENTED_EDGE('',*,*,#1970,.T.);
#2692=ORIENTED_EDGE('',*,*,#1909,.F.);
#2693=ORIENTED_EDGE('',*,*,#1846,.F.);
#2694=ORIENTED_EDGE('',*,*,#1972,.T.);
#2695=ORIENTED_EDGE('',*,*,#1872,.T.);
#2696=ORIENTED_EDGE('',*,*,#1877,.F.);
#2697=ORIENTED_EDGE('',*,*,#1973,.F.);
#2698=ORIENTED_EDGE('',*,*,#1974,.T.);
#2699=ORIENTED_EDGE('',*,*,#1975,.T.);
#2700=ORIENTED_EDGE('',*,*,#1976,.F.);
#2701=ORIENTED_EDGE('',*,*,#1977,.F.);
#2702=ORIENTED_EDGE('',*,*,#1973,.T.);
#2703=ORIENTED_EDGE('',*,*,#1978,.T.);
#2704=ORIENTED_EDGE('',*,*,#1979,.F.);
#2705=ORIENTED_EDGE('',*,*,#1980,.T.);
#2706=ORIENTED_EDGE('',*,*,#1981,.T.);
#2707=ORIENTED_EDGE('',*,*,#1982,.F.);
#2708=ORIENTED_EDGE('',*,*,#1975,.F.);
#2709=ORIENTED_EDGE('',*,*,#1977,.T.);
#2710=ORIENTED_EDGE('',*,*,#1983,.T.);
#2711=ORIENTED_EDGE('',*,*,#1980,.F.);
#2712=ORIENTED_EDGE('',*,*,#1974,.F.);
#2713=ORIENTED_EDGE('',*,*,#1984,.T.);
#2714=ORIENTED_EDGE('',*,*,#1985,.T.);
#2715=ORIENTED_EDGE('',*,*,#1986,.F.);
#2716=ORIENTED_EDGE('',*,*,#1987,.F.);
#2717=ORIENTED_EDGE('',*,*,#1988,.T.);
#2718=ORIENTED_EDGE('',*,*,#1979,.T.);
#2719=ORIENTED_EDGE('',*,*,#1989,.F.);
#2720=ORIENTED_EDGE('',*,*,#1985,.F.);
#2721=ORIENTED_EDGE('',*,*,#1978,.F.);
#2722=ORIENTED_EDGE('',*,*,#1976,.T.);
#2723=ORIENTED_EDGE('',*,*,#1982,.T.);
#2724=ORIENTED_EDGE('',*,*,#1990,.F.);
#2725=ORIENTED_EDGE('',*,*,#1991,.T.);
#2726=ORIENTED_EDGE('',*,*,#1992,.T.);
#2727=ORIENTED_EDGE('',*,*,#1993,.F.);
#2728=ORIENTED_EDGE('',*,*,#1981,.F.);
#2729=ORIENTED_EDGE('',*,*,#1994,.F.);
#2730=ORIENTED_EDGE('',*,*,#1995,.T.);
#2731=ORIENTED_EDGE('',*,*,#1996,.T.);
#2732=ORIENTED_EDGE('',*,*,#1992,.F.);
#2733=ORIENTED_EDGE('',*,*,#1997,.F.);
#2734=ORIENTED_EDGE('',*,*,#1998,.F.);
#2735=ORIENTED_EDGE('',*,*,#1999,.F.);
#2736=ORIENTED_EDGE('',*,*,#1987,.T.);
#2737=ORIENTED_EDGE('',*,*,#2000,.T.);
#2738=ORIENTED_EDGE('',*,*,#2001,.T.);
#2739=ORIENTED_EDGE('',*,*,#1997,.T.);
#2740=ORIENTED_EDGE('',*,*,#1986,.T.);
#2741=ORIENTED_EDGE('',*,*,#1989,.T.);
#2742=ORIENTED_EDGE('',*,*,#1990,.T.);
#2743=ORIENTED_EDGE('',*,*,#1993,.T.);
#2744=ORIENTED_EDGE('',*,*,#1996,.F.);
#2745=ORIENTED_EDGE('',*,*,#2002,.T.);
#2746=ORIENTED_EDGE('',*,*,#2003,.T.);
#2747=ORIENTED_EDGE('',*,*,#2004,.F.);
#2748=ORIENTED_EDGE('',*,*,#2001,.F.);
#2749=ORIENTED_EDGE('',*,*,#2005,.T.);
#2750=ORIENTED_EDGE('',*,*,#2006,.T.);
#2751=ORIENTED_EDGE('',*,*,#2002,.F.);
#2752=ORIENTED_EDGE('',*,*,#2007,.F.);
#2753=ORIENTED_EDGE('',*,*,#2005,.F.);
#2754=ORIENTED_EDGE('',*,*,#2008,.T.);
#2755=ORIENTED_EDGE('',*,*,#2009,.T.);
#2756=ORIENTED_EDGE('',*,*,#2010,.F.);
#2757=ORIENTED_EDGE('',*,*,#2009,.F.);
#2758=ORIENTED_EDGE('',*,*,#1998,.T.);
#2759=ORIENTED_EDGE('',*,*,#2004,.T.);
#2760=ORIENTED_EDGE('',*,*,#2011,.F.);
#2761=ORIENTED_EDGE('',*,*,#2006,.F.);
#2762=ORIENTED_EDGE('',*,*,#2010,.T.);
#2763=ORIENTED_EDGE('',*,*,#2011,.T.);
#2764=ORIENTED_EDGE('',*,*,#2003,.F.);
#2765=ORIENTED_EDGE('',*,*,#1999,.T.);
#2766=ORIENTED_EDGE('',*,*,#2008,.F.);
#2767=ORIENTED_EDGE('',*,*,#2012,.F.);
#2768=ORIENTED_EDGE('',*,*,#1994,.T.);
#2769=ORIENTED_EDGE('',*,*,#1991,.F.);
#2770=ORIENTED_EDGE('',*,*,#1983,.F.);
#2771=ORIENTED_EDGE('',*,*,#1988,.F.);
#2772=ORIENTED_EDGE('',*,*,#1984,.F.);
#2773=ORIENTED_EDGE('',*,*,#2012,.T.);
#2774=ORIENTED_EDGE('',*,*,#2007,.T.);
#2775=ORIENTED_EDGE('',*,*,#2000,.F.);
#2776=ORIENTED_EDGE('',*,*,#1995,.F.);
#2777=ORIENTED_EDGE('',*,*,#2013,.F.);
#2778=ORIENTED_EDGE('',*,*,#2014,.T.);
#2779=ORIENTED_EDGE('',*,*,#2015,.T.);
#2780=ORIENTED_EDGE('',*,*,#2016,.F.);
#2781=ORIENTED_EDGE('',*,*,#2017,.F.);
#2782=ORIENTED_EDGE('',*,*,#2018,.T.);
#2783=ORIENTED_EDGE('',*,*,#2019,.T.);
#2784=ORIENTED_EDGE('',*,*,#2015,.F.);
#2785=ORIENTED_EDGE('',*,*,#2020,.F.);
#2786=ORIENTED_EDGE('',*,*,#2021,.T.);
#2787=ORIENTED_EDGE('',*,*,#2017,.T.);
#2788=ORIENTED_EDGE('',*,*,#2014,.F.);
#2789=ORIENTED_EDGE('',*,*,#2020,.T.);
#2790=ORIENTED_EDGE('',*,*,#2013,.T.);
#2791=ORIENTED_EDGE('',*,*,#2022,.F.);
#2792=ORIENTED_EDGE('',*,*,#2023,.F.);
#2793=ORIENTED_EDGE('',*,*,#2022,.T.);
#2794=ORIENTED_EDGE('',*,*,#2016,.T.);
#2795=ORIENTED_EDGE('',*,*,#2019,.F.);
#2796=ORIENTED_EDGE('',*,*,#2024,.F.);
#2797=ORIENTED_EDGE('',*,*,#2025,.F.);
#2798=ORIENTED_EDGE('',*,*,#2026,.F.);
#2799=ORIENTED_EDGE('',*,*,#2027,.F.);
#2800=ORIENTED_EDGE('',*,*,#2023,.T.);
#2801=ORIENTED_EDGE('',*,*,#2028,.T.);
#2802=ORIENTED_EDGE('',*,*,#2029,.T.);
#2803=ORIENTED_EDGE('',*,*,#2030,.T.);
#2804=ORIENTED_EDGE('',*,*,#2031,.T.);
#2805=ORIENTED_EDGE('',*,*,#2032,.T.);
#2806=ORIENTED_EDGE('',*,*,#2033,.F.);
#2807=ORIENTED_EDGE('',*,*,#2025,.T.);
#2808=ORIENTED_EDGE('',*,*,#2024,.T.);
#2809=ORIENTED_EDGE('',*,*,#2034,.F.);
#2810=ORIENTED_EDGE('',*,*,#2035,.T.);
#2811=ORIENTED_EDGE('',*,*,#2036,.T.);
#2812=ORIENTED_EDGE('',*,*,#2037,.F.);
#2813=ORIENTED_EDGE('',*,*,#2038,.F.);
#2814=ORIENTED_EDGE('',*,*,#2034,.T.);
#2815=ORIENTED_EDGE('',*,*,#2039,.T.);
#2816=ORIENTED_EDGE('',*,*,#2040,.F.);
#2817=ORIENTED_EDGE('',*,*,#2041,.T.);
#2818=ORIENTED_EDGE('',*,*,#2042,.T.);
#2819=ORIENTED_EDGE('',*,*,#2043,.F.);
#2820=ORIENTED_EDGE('',*,*,#2036,.F.);
#2821=ORIENTED_EDGE('',*,*,#2038,.T.);
#2822=ORIENTED_EDGE('',*,*,#2044,.T.);
#2823=ORIENTED_EDGE('',*,*,#2041,.F.);
#2824=ORIENTED_EDGE('',*,*,#2035,.F.);
#2825=ORIENTED_EDGE('',*,*,#2045,.T.);
#2826=ORIENTED_EDGE('',*,*,#2046,.T.);
#2827=ORIENTED_EDGE('',*,*,#2029,.F.);
#2828=ORIENTED_EDGE('',*,*,#2047,.F.);
#2829=ORIENTED_EDGE('',*,*,#2048,.T.);
#2830=ORIENTED_EDGE('',*,*,#2040,.T.);
#2831=ORIENTED_EDGE('',*,*,#2030,.F.);
#2832=ORIENTED_EDGE('',*,*,#2046,.F.);
#2833=ORIENTED_EDGE('',*,*,#2039,.F.);
#2834=ORIENTED_EDGE('',*,*,#2037,.T.);
#2835=ORIENTED_EDGE('',*,*,#2043,.T.);
#2836=ORIENTED_EDGE('',*,*,#2031,.F.);
#2837=ORIENTED_EDGE('',*,*,#2049,.T.);
#2838=ORIENTED_EDGE('',*,*,#2050,.T.);
#2839=ORIENTED_EDGE('',*,*,#2032,.F.);
#2840=ORIENTED_EDGE('',*,*,#2042,.F.);
#2841=ORIENTED_EDGE('',*,*,#2051,.F.);
#2842=ORIENTED_EDGE('',*,*,#2026,.T.);
#2843=ORIENTED_EDGE('',*,*,#2033,.T.);
#2844=ORIENTED_EDGE('',*,*,#2050,.F.);
#2845=ORIENTED_EDGE('',*,*,#2052,.F.);
#2846=ORIENTED_EDGE('',*,*,#2047,.T.);
#2847=ORIENTED_EDGE('',*,*,#2028,.F.);
#2848=ORIENTED_EDGE('',*,*,#2018,.F.);
#2849=ORIENTED_EDGE('',*,*,#2027,.T.);
#2850=ORIENTED_EDGE('',*,*,#2051,.T.);
#2851=ORIENTED_EDGE('',*,*,#2049,.F.);
#2852=ORIENTED_EDGE('',*,*,#2044,.F.);
#2853=ORIENTED_EDGE('',*,*,#2048,.F.);
#2854=ORIENTED_EDGE('',*,*,#2045,.F.);
#2855=ORIENTED_EDGE('',*,*,#2052,.T.);
#2856=ORIENTED_EDGE('',*,*,#2021,.F.);
#2857=ORIENTED_EDGE('',*,*,#2053,.F.);
#2858=ORIENTED_EDGE('',*,*,#2054,.T.);
#2859=ORIENTED_EDGE('',*,*,#2055,.T.);
#2860=ORIENTED_EDGE('',*,*,#2056,.F.);
#2861=ORIENTED_EDGE('',*,*,#2057,.T.);
#2862=ORIENTED_EDGE('',*,*,#2053,.T.);
#2863=ORIENTED_EDGE('',*,*,#2058,.F.);
#2864=ORIENTED_EDGE('',*,*,#2059,.F.);
#2865=ORIENTED_EDGE('',*,*,#2058,.T.);
#2866=ORIENTED_EDGE('',*,*,#2056,.T.);
#2867=ORIENTED_EDGE('',*,*,#2060,.F.);
#2868=ORIENTED_EDGE('',*,*,#2061,.F.);
#2869=ORIENTED_EDGE('',*,*,#2062,.F.);
#2870=ORIENTED_EDGE('',*,*,#2063,.T.);
#2871=ORIENTED_EDGE('',*,*,#2060,.T.);
#2872=ORIENTED_EDGE('',*,*,#2055,.F.);
#2873=ORIENTED_EDGE('',*,*,#2057,.F.);
#2874=ORIENTED_EDGE('',*,*,#2064,.T.);
#2875=ORIENTED_EDGE('',*,*,#2062,.T.);
#2876=ORIENTED_EDGE('',*,*,#2054,.F.);
#2877=ORIENTED_EDGE('',*,*,#2065,.F.);
#2878=ORIENTED_EDGE('',*,*,#2066,.F.);
#2879=ORIENTED_EDGE('',*,*,#2067,.T.);
#2880=ORIENTED_EDGE('',*,*,#2059,.T.);
#2881=ORIENTED_EDGE('',*,*,#2068,.T.);
#2882=ORIENTED_EDGE('',*,*,#2069,.T.);
#2883=ORIENTED_EDGE('',*,*,#2070,.T.);
#2884=ORIENTED_EDGE('',*,*,#2071,.T.);
#2885=ORIENTED_EDGE('',*,*,#2072,.T.);
#2886=ORIENTED_EDGE('',*,*,#2073,.F.);
#2887=ORIENTED_EDGE('',*,*,#2065,.T.);
#2888=ORIENTED_EDGE('',*,*,#2061,.T.);
#2889=ORIENTED_EDGE('',*,*,#2074,.F.);
#2890=ORIENTED_EDGE('',*,*,#2075,.T.);
#2891=ORIENTED_EDGE('',*,*,#2076,.T.);
#2892=ORIENTED_EDGE('',*,*,#2077,.F.);
#2893=ORIENTED_EDGE('',*,*,#2078,.F.);
#2894=ORIENTED_EDGE('',*,*,#2074,.T.);
#2895=ORIENTED_EDGE('',*,*,#2079,.T.);
#2896=ORIENTED_EDGE('',*,*,#2080,.F.);
#2897=ORIENTED_EDGE('',*,*,#2081,.T.);
#2898=ORIENTED_EDGE('',*,*,#2082,.T.);
#2899=ORIENTED_EDGE('',*,*,#2083,.F.);
#2900=ORIENTED_EDGE('',*,*,#2076,.F.);
#2901=ORIENTED_EDGE('',*,*,#2079,.F.);
#2902=ORIENTED_EDGE('',*,*,#2077,.T.);
#2903=ORIENTED_EDGE('',*,*,#2083,.T.);
#2904=ORIENTED_EDGE('',*,*,#2071,.F.);
#2905=ORIENTED_EDGE('',*,*,#2084,.T.);
#2906=ORIENTED_EDGE('',*,*,#2085,.T.);
#2907=ORIENTED_EDGE('',*,*,#2069,.F.);
#2908=ORIENTED_EDGE('',*,*,#2086,.F.);
#2909=ORIENTED_EDGE('',*,*,#2087,.T.);
#2910=ORIENTED_EDGE('',*,*,#2080,.T.);
#2911=ORIENTED_EDGE('',*,*,#2070,.F.);
#2912=ORIENTED_EDGE('',*,*,#2085,.F.);
#2913=ORIENTED_EDGE('',*,*,#2078,.T.);
#2914=ORIENTED_EDGE('',*,*,#2088,.T.);
#2915=ORIENTED_EDGE('',*,*,#2081,.F.);
#2916=ORIENTED_EDGE('',*,*,#2075,.F.);
#2917=ORIENTED_EDGE('',*,*,#2089,.T.);
#2918=ORIENTED_EDGE('',*,*,#2090,.T.);
#2919=ORIENTED_EDGE('',*,*,#2072,.F.);
#2920=ORIENTED_EDGE('',*,*,#2082,.F.);
#2921=ORIENTED_EDGE('',*,*,#2091,.F.);
#2922=ORIENTED_EDGE('',*,*,#2066,.T.);
#2923=ORIENTED_EDGE('',*,*,#2073,.T.);
#2924=ORIENTED_EDGE('',*,*,#2090,.F.);
#2925=ORIENTED_EDGE('',*,*,#2092,.F.);
#2926=ORIENTED_EDGE('',*,*,#2086,.T.);
#2927=ORIENTED_EDGE('',*,*,#2068,.F.);
#2928=ORIENTED_EDGE('',*,*,#2063,.F.);
#2929=ORIENTED_EDGE('',*,*,#2067,.F.);
#2930=ORIENTED_EDGE('',*,*,#2091,.T.);
#2931=ORIENTED_EDGE('',*,*,#2089,.F.);
#2932=ORIENTED_EDGE('',*,*,#2088,.F.);
#2933=ORIENTED_EDGE('',*,*,#2087,.F.);
#2934=ORIENTED_EDGE('',*,*,#2084,.F.);
#2935=ORIENTED_EDGE('',*,*,#2092,.T.);
#2936=ORIENTED_EDGE('',*,*,#2064,.F.);
#2937=ORIENTED_EDGE('',*,*,#2093,.F.);
#2938=ORIENTED_EDGE('',*,*,#2094,.T.);
#2939=ORIENTED_EDGE('',*,*,#2095,.T.);
#2940=ORIENTED_EDGE('',*,*,#2096,.F.);
#2941=ORIENTED_EDGE('',*,*,#2097,.F.);
#2942=ORIENTED_EDGE('',*,*,#2093,.T.);
#2943=ORIENTED_EDGE('',*,*,#2098,.T.);
#2944=ORIENTED_EDGE('',*,*,#2099,.F.);
#2945=ORIENTED_EDGE('',*,*,#2100,.T.);
#2946=ORIENTED_EDGE('',*,*,#2101,.T.);
#2947=ORIENTED_EDGE('',*,*,#2102,.F.);
#2948=ORIENTED_EDGE('',*,*,#2095,.F.);
#2949=ORIENTED_EDGE('',*,*,#2097,.T.);
#2950=ORIENTED_EDGE('',*,*,#2103,.T.);
#2951=ORIENTED_EDGE('',*,*,#2100,.F.);
#2952=ORIENTED_EDGE('',*,*,#2094,.F.);
#2953=ORIENTED_EDGE('',*,*,#2104,.T.);
#2954=ORIENTED_EDGE('',*,*,#2105,.T.);
#2955=ORIENTED_EDGE('',*,*,#2106,.F.);
#2956=ORIENTED_EDGE('',*,*,#2107,.F.);
#2957=ORIENTED_EDGE('',*,*,#2108,.T.);
#2958=ORIENTED_EDGE('',*,*,#2099,.T.);
#2959=ORIENTED_EDGE('',*,*,#2109,.F.);
#2960=ORIENTED_EDGE('',*,*,#2105,.F.);
#2961=ORIENTED_EDGE('',*,*,#2098,.F.);
#2962=ORIENTED_EDGE('',*,*,#2096,.T.);
#2963=ORIENTED_EDGE('',*,*,#2102,.T.);
#2964=ORIENTED_EDGE('',*,*,#2110,.F.);
#2965=ORIENTED_EDGE('',*,*,#2111,.T.);
#2966=ORIENTED_EDGE('',*,*,#2112,.T.);
#2967=ORIENTED_EDGE('',*,*,#2113,.F.);
#2968=ORIENTED_EDGE('',*,*,#2101,.F.);
#2969=ORIENTED_EDGE('',*,*,#2114,.F.);
#2970=ORIENTED_EDGE('',*,*,#2115,.T.);
#2971=ORIENTED_EDGE('',*,*,#2116,.T.);
#2972=ORIENTED_EDGE('',*,*,#2112,.F.);
#2973=ORIENTED_EDGE('',*,*,#2117,.F.);
#2974=ORIENTED_EDGE('',*,*,#2118,.F.);
#2975=ORIENTED_EDGE('',*,*,#2119,.F.);
#2976=ORIENTED_EDGE('',*,*,#2107,.T.);
#2977=ORIENTED_EDGE('',*,*,#2120,.T.);
#2978=ORIENTED_EDGE('',*,*,#2121,.T.);
#2979=ORIENTED_EDGE('',*,*,#2117,.T.);
#2980=ORIENTED_EDGE('',*,*,#2106,.T.);
#2981=ORIENTED_EDGE('',*,*,#2109,.T.);
#2982=ORIENTED_EDGE('',*,*,#2110,.T.);
#2983=ORIENTED_EDGE('',*,*,#2113,.T.);
#2984=ORIENTED_EDGE('',*,*,#2116,.F.);
#2985=ORIENTED_EDGE('',*,*,#2122,.T.);
#2986=ORIENTED_EDGE('',*,*,#2123,.T.);
#2987=ORIENTED_EDGE('',*,*,#2124,.F.);
#2988=ORIENTED_EDGE('',*,*,#2121,.F.);
#2989=ORIENTED_EDGE('',*,*,#2125,.T.);
#2990=ORIENTED_EDGE('',*,*,#2126,.T.);
#2991=ORIENTED_EDGE('',*,*,#2122,.F.);
#2992=ORIENTED_EDGE('',*,*,#2127,.F.);
#2993=ORIENTED_EDGE('',*,*,#2125,.F.);
#2994=ORIENTED_EDGE('',*,*,#2128,.T.);
#2995=ORIENTED_EDGE('',*,*,#2129,.T.);
#2996=ORIENTED_EDGE('',*,*,#2130,.F.);
#2997=ORIENTED_EDGE('',*,*,#2129,.F.);
#2998=ORIENTED_EDGE('',*,*,#2118,.T.);
#2999=ORIENTED_EDGE('',*,*,#2124,.T.);
#3000=ORIENTED_EDGE('',*,*,#2131,.F.);
#3001=ORIENTED_EDGE('',*,*,#2126,.F.);
#3002=ORIENTED_EDGE('',*,*,#2130,.T.);
#3003=ORIENTED_EDGE('',*,*,#2131,.T.);
#3004=ORIENTED_EDGE('',*,*,#2123,.F.);
#3005=ORIENTED_EDGE('',*,*,#2119,.T.);
#3006=ORIENTED_EDGE('',*,*,#2128,.F.);
#3007=ORIENTED_EDGE('',*,*,#2132,.F.);
#3008=ORIENTED_EDGE('',*,*,#2114,.T.);
#3009=ORIENTED_EDGE('',*,*,#2111,.F.);
#3010=ORIENTED_EDGE('',*,*,#2103,.F.);
#3011=ORIENTED_EDGE('',*,*,#2108,.F.);
#3012=ORIENTED_EDGE('',*,*,#2104,.F.);
#3013=ORIENTED_EDGE('',*,*,#2132,.T.);
#3014=ORIENTED_EDGE('',*,*,#2127,.T.);
#3015=ORIENTED_EDGE('',*,*,#2120,.F.);
#3016=ORIENTED_EDGE('',*,*,#2115,.F.);
#3017=ORIENTED_EDGE('',*,*,#2133,.F.);
#3018=ORIENTED_EDGE('',*,*,#2134,.T.);
#3019=ORIENTED_EDGE('',*,*,#2135,.T.);
#3020=ORIENTED_EDGE('',*,*,#2136,.F.);
#3021=ORIENTED_EDGE('',*,*,#2137,.F.);
#3022=ORIENTED_EDGE('',*,*,#2133,.T.);
#3023=ORIENTED_EDGE('',*,*,#2138,.T.);
#3024=ORIENTED_EDGE('',*,*,#2139,.F.);
#3025=ORIENTED_EDGE('',*,*,#2140,.T.);
#3026=ORIENTED_EDGE('',*,*,#2141,.T.);
#3027=ORIENTED_EDGE('',*,*,#2142,.F.);
#3028=ORIENTED_EDGE('',*,*,#2135,.F.);
#3029=ORIENTED_EDGE('',*,*,#2137,.T.);
#3030=ORIENTED_EDGE('',*,*,#2143,.T.);
#3031=ORIENTED_EDGE('',*,*,#2140,.F.);
#3032=ORIENTED_EDGE('',*,*,#2134,.F.);
#3033=ORIENTED_EDGE('',*,*,#2144,.T.);
#3034=ORIENTED_EDGE('',*,*,#2145,.T.);
#3035=ORIENTED_EDGE('',*,*,#2146,.F.);
#3036=ORIENTED_EDGE('',*,*,#2147,.F.);
#3037=ORIENTED_EDGE('',*,*,#2148,.T.);
#3038=ORIENTED_EDGE('',*,*,#2139,.T.);
#3039=ORIENTED_EDGE('',*,*,#2149,.F.);
#3040=ORIENTED_EDGE('',*,*,#2145,.F.);
#3041=ORIENTED_EDGE('',*,*,#2138,.F.);
#3042=ORIENTED_EDGE('',*,*,#2136,.T.);
#3043=ORIENTED_EDGE('',*,*,#2142,.T.);
#3044=ORIENTED_EDGE('',*,*,#2150,.F.);
#3045=ORIENTED_EDGE('',*,*,#2151,.T.);
#3046=ORIENTED_EDGE('',*,*,#2152,.T.);
#3047=ORIENTED_EDGE('',*,*,#2153,.F.);
#3048=ORIENTED_EDGE('',*,*,#2141,.F.);
#3049=ORIENTED_EDGE('',*,*,#2154,.F.);
#3050=ORIENTED_EDGE('',*,*,#2155,.T.);
#3051=ORIENTED_EDGE('',*,*,#2156,.T.);
#3052=ORIENTED_EDGE('',*,*,#2152,.F.);
#3053=ORIENTED_EDGE('',*,*,#2157,.F.);
#3054=ORIENTED_EDGE('',*,*,#2158,.F.);
#3055=ORIENTED_EDGE('',*,*,#2159,.F.);
#3056=ORIENTED_EDGE('',*,*,#2147,.T.);
#3057=ORIENTED_EDGE('',*,*,#2160,.T.);
#3058=ORIENTED_EDGE('',*,*,#2161,.T.);
#3059=ORIENTED_EDGE('',*,*,#2157,.T.);
#3060=ORIENTED_EDGE('',*,*,#2146,.T.);
#3061=ORIENTED_EDGE('',*,*,#2149,.T.);
#3062=ORIENTED_EDGE('',*,*,#2150,.T.);
#3063=ORIENTED_EDGE('',*,*,#2153,.T.);
#3064=ORIENTED_EDGE('',*,*,#2156,.F.);
#3065=ORIENTED_EDGE('',*,*,#2162,.T.);
#3066=ORIENTED_EDGE('',*,*,#2163,.T.);
#3067=ORIENTED_EDGE('',*,*,#2164,.F.);
#3068=ORIENTED_EDGE('',*,*,#2161,.F.);
#3069=ORIENTED_EDGE('',*,*,#2165,.T.);
#3070=ORIENTED_EDGE('',*,*,#2166,.T.);
#3071=ORIENTED_EDGE('',*,*,#2162,.F.);
#3072=ORIENTED_EDGE('',*,*,#2167,.F.);
#3073=ORIENTED_EDGE('',*,*,#2165,.F.);
#3074=ORIENTED_EDGE('',*,*,#2168,.T.);
#3075=ORIENTED_EDGE('',*,*,#2169,.T.);
#3076=ORIENTED_EDGE('',*,*,#2170,.F.);
#3077=ORIENTED_EDGE('',*,*,#2169,.F.);
#3078=ORIENTED_EDGE('',*,*,#2158,.T.);
#3079=ORIENTED_EDGE('',*,*,#2164,.T.);
#3080=ORIENTED_EDGE('',*,*,#2171,.F.);
#3081=ORIENTED_EDGE('',*,*,#2166,.F.);
#3082=ORIENTED_EDGE('',*,*,#2170,.T.);
#3083=ORIENTED_EDGE('',*,*,#2171,.T.);
#3084=ORIENTED_EDGE('',*,*,#2163,.F.);
#3085=ORIENTED_EDGE('',*,*,#2159,.T.);
#3086=ORIENTED_EDGE('',*,*,#2168,.F.);
#3087=ORIENTED_EDGE('',*,*,#2172,.F.);
#3088=ORIENTED_EDGE('',*,*,#2154,.T.);
#3089=ORIENTED_EDGE('',*,*,#2151,.F.);
#3090=ORIENTED_EDGE('',*,*,#2143,.F.);
#3091=ORIENTED_EDGE('',*,*,#2148,.F.);
#3092=ORIENTED_EDGE('',*,*,#2144,.F.);
#3093=ORIENTED_EDGE('',*,*,#2172,.T.);
#3094=ORIENTED_EDGE('',*,*,#2167,.T.);
#3095=ORIENTED_EDGE('',*,*,#2160,.F.);
#3096=ORIENTED_EDGE('',*,*,#2155,.F.);
#3097=PLANE('',#3519);
#3098=PLANE('',#3520);
#3099=PLANE('',#3521);
#3100=PLANE('',#3522);
#3101=PLANE('',#3523);
#3102=PLANE('',#3524);
#3103=PLANE('',#3525);
#3104=PLANE('',#3526);
#3105=PLANE('',#3527);
#3106=PLANE('',#3528);
#3107=PLANE('',#3529);
#3108=PLANE('',#3530);
#3109=PLANE('',#3531);
#3110=PLANE('',#3532);
#3111=PLANE('',#3533);
#3112=PLANE('',#3534);
#3113=PLANE('',#3535);
#3114=PLANE('',#3536);
#3115=PLANE('',#3537);
#3116=PLANE('',#3538);
#3117=PLANE('',#3539);
#3118=PLANE('',#3540);
#3119=PLANE('',#3541);
#3120=PLANE('',#3542);
#3121=PLANE('',#3543);
#3122=PLANE('',#3544);
#3123=PLANE('',#3545);
#3124=PLANE('',#3546);
#3125=PLANE('',#3547);
#3126=PLANE('',#3548);
#3127=PLANE('',#3549);
#3128=PLANE('',#3550);
#3129=PLANE('',#3551);
#3130=PLANE('',#3552);
#3131=PLANE('',#3553);
#3132=PLANE('',#3554);
#3133=PLANE('',#3555);
#3134=PLANE('',#3556);
#3135=PLANE('',#3558);
#3136=PLANE('',#3559);
#3137=PLANE('',#3560);
#3138=PLANE('',#3561);
#3139=PLANE('',#3562);
#3140=PLANE('',#3563);
#3141=PLANE('',#3564);
#3142=PLANE('',#3565);
#3143=PLANE('',#3566);
#3144=PLANE('',#3568);
#3145=PLANE('',#3569);
#3146=PLANE('',#3570);
#3147=PLANE('',#3571);
#3148=PLANE('',#3572);
#3149=PLANE('',#3573);
#3150=PLANE('',#3574);
#3151=PLANE('',#3575);
#3152=PLANE('',#3576);
#3153=PLANE('',#3577);
#3154=PLANE('',#3578);
#3155=PLANE('',#3580);
#3156=PLANE('',#3581);
#3157=PLANE('',#3582);
#3158=PLANE('',#3584);
#3159=PLANE('',#3585);
#3160=PLANE('',#3588);
#3161=PLANE('',#3589);
#3162=PLANE('',#3590);
#3163=PLANE('',#3591);
#3164=PLANE('',#3592);
#3165=PLANE('',#3593);
#3166=PLANE('',#3594);
#3167=PLANE('',#3595);
#3168=PLANE('',#3596);
#3169=PLANE('',#3599);
#3170=PLANE('',#3601);
#3171=PLANE('',#3602);
#3172=PLANE('',#3604);
#3173=PLANE('',#3605);
#3174=PLANE('',#3606);
#3175=PLANE('',#3607);
#3176=PLANE('',#3608);
#3177=PLANE('',#3610);
#3178=PLANE('',#3611);
#3179=PLANE('',#3612);
#3180=PLANE('',#3613);
#3181=PLANE('',#3615);
#3182=PLANE('',#3616);
#3183=PLANE('',#3618);
#3184=PLANE('',#3619);
#3185=PLANE('',#3620);
#3186=PLANE('',#3621);
#3187=PLANE('',#3625);
#3188=PLANE('',#3626);
#3189=PLANE('',#3627);
#3190=PLANE('',#3631);
#3191=PLANE('',#3632);
#3192=PLANE('',#3633);
#3193=PLANE('',#3634);
#3194=PLANE('',#3635);
#3195=PLANE('',#3636);
#3196=PLANE('',#3637);
#3197=PLANE('',#3638);
#3198=PLANE('',#3639);
#3199=PLANE('',#3641);
#3200=PLANE('',#3642);
#3201=PLANE('',#3643);
#3202=PLANE('',#3644);
#3203=PLANE('',#3645);
#3204=PLANE('',#3646);
#3205=PLANE('',#3647);
#3206=PLANE('',#3650);
#3207=PLANE('',#3651);
#3208=PLANE('',#3652);
#3209=PLANE('',#3653);
#3210=PLANE('',#3656);
#3211=PLANE('',#3657);
#3212=PLANE('',#3658);
#3213=PLANE('',#3661);
#3214=PLANE('',#3662);
#3215=PLANE('',#3664);
#3216=PLANE('',#3665);
#3217=PLANE('',#3666);
#3218=PLANE('',#3667);
#3219=PLANE('',#3668);
#3220=PLANE('',#3669);
#3221=PLANE('',#3670);
#3222=PLANE('',#3673);
#3223=PLANE('',#3674);
#3224=PLANE('',#3675);
#3225=PLANE('',#3676);
#3226=PLANE('',#3679);
#3227=PLANE('',#3680);
#3228=PLANE('',#3681);
#3229=PLANE('',#3684);
#3230=PLANE('',#3685);
#3231=PLANE('',#3687);
#3232=PLANE('',#3688);
#3233=PLANE('',#3689);
#3234=PLANE('',#3690);
#3235=PLANE('',#3694);
#3236=PLANE('',#3695);
#3237=PLANE('',#3696);
#3238=PLANE('',#3700);
#3239=PLANE('',#3701);
#3240=PLANE('',#3702);
#3241=PLANE('',#3703);
#3242=PLANE('',#3704);
#3243=PLANE('',#3705);
#3244=PLANE('',#3706);
#3245=PLANE('',#3707);
#3246=PLANE('',#3708);
#3247=PLANE('',#3710);
#3248=PLANE('',#3711);
#3249=PLANE('',#3712);
#3250=PLANE('',#3713);
#3251=PLANE('',#3717);
#3252=PLANE('',#3718);
#3253=PLANE('',#3719);
#3254=PLANE('',#3723);
#3255=PLANE('',#3724);
#3256=PLANE('',#3725);
#3257=PLANE('',#3726);
#3258=PLANE('',#3727);
#3259=PLANE('',#3728);
#3260=PLANE('',#3729);
#3261=PLANE('',#3730);
#3262=PLANE('',#3731);
#3263=ADVANCED_FACE('',(#179),#3097,.T.);
#3264=ADVANCED_FACE('',(#180),#3098,.T.);
#3265=ADVANCED_FACE('',(#181),#3099,.T.);
#3266=ADVANCED_FACE('',(#182),#3100,.T.);
#3267=ADVANCED_FACE('',(#183),#3101,.T.);
#3268=ADVANCED_FACE('',(#184),#3102,.T.);
#3269=ADVANCED_FACE('',(#185),#3103,.F.);
#3270=ADVANCED_FACE('',(#186),#3104,.T.);
#3271=ADVANCED_FACE('',(#187),#3105,.T.);
#3272=ADVANCED_FACE('',(#188),#3106,.T.);
#3273=ADVANCED_FACE('',(#189),#3107,.T.);
#3274=ADVANCED_FACE('',(#190),#3108,.F.);
#3275=ADVANCED_FACE('',(#191),#3109,.T.);
#3276=ADVANCED_FACE('',(#192),#3110,.T.);
#3277=ADVANCED_FACE('',(#193),#3111,.T.);
#3278=ADVANCED_FACE('',(#194),#3112,.T.);
#3279=ADVANCED_FACE('',(#195),#3113,.F.);
#3280=ADVANCED_FACE('',(#196),#3114,.T.);
#3281=ADVANCED_FACE('',(#197),#3115,.T.);
#3282=ADVANCED_FACE('',(#198),#3116,.T.);
#3283=ADVANCED_FACE('',(#199),#3117,.F.);
#3284=ADVANCED_FACE('',(#200),#3118,.T.);
#3285=ADVANCED_FACE('',(#201),#3119,.T.);
#3286=ADVANCED_FACE('',(#202),#3120,.T.);
#3287=ADVANCED_FACE('',(#203),#3121,.F.);
#3288=ADVANCED_FACE('',(#204,#99),#3122,.T.);
#3289=ADVANCED_FACE('',(#205),#3123,.F.);
#3290=ADVANCED_FACE('',(#206),#3124,.F.);
#3291=ADVANCED_FACE('',(#207),#3125,.T.);
#3292=ADVANCED_FACE('',(#208,#100),#3126,.T.);
#3293=ADVANCED_FACE('',(#209,#101),#3127,.T.);
#3294=ADVANCED_FACE('',(#210),#3128,.F.);
#3295=ADVANCED_FACE('',(#211),#3129,.F.);
#3296=ADVANCED_FACE('',(#212),#3130,.T.);
#3297=ADVANCED_FACE('',(#213,#102),#3131,.T.);
#3298=ADVANCED_FACE('',(#214),#3132,.F.);
#3299=ADVANCED_FACE('',(#215),#3133,.F.);
#3300=ADVANCED_FACE('',(#216),#3134,.T.);
#3301=ADVANCED_FACE('',(#217),#3135,.F.);
#3302=ADVANCED_FACE('',(#218),#3136,.F.);
#3303=ADVANCED_FACE('',(#219),#3137,.F.);
#3304=ADVANCED_FACE('',(#220),#3138,.F.);
#3305=ADVANCED_FACE('',(#221),#3139,.F.);
#3306=ADVANCED_FACE('',(#222),#3140,.F.);
#3307=ADVANCED_FACE('',(#223),#3141,.F.);
#3308=ADVANCED_FACE('',(#224),#3142,.F.);
#3309=ADVANCED_FACE('',(#225),#3143,.F.);
#3310=ADVANCED_FACE('',(#226),#3144,.F.);
#3311=ADVANCED_FACE('',(#227),#3145,.T.);
#3312=ADVANCED_FACE('',(#228),#3146,.F.);
#3313=ADVANCED_FACE('',(#229),#3147,.F.);
#3314=ADVANCED_FACE('',(#230),#3148,.T.);
#3315=ADVANCED_FACE('',(#231),#3149,.F.);
#3316=ADVANCED_FACE('',(#232),#3150,.F.);
#3317=ADVANCED_FACE('',(#233,#103),#3151,.T.);
#3318=ADVANCED_FACE('',(#234),#3152,.T.);
#3319=ADVANCED_FACE('',(#235),#3153,.F.);
#3320=ADVANCED_FACE('',(#236),#3154,.T.);
#3321=ADVANCED_FACE('',(#237),#3155,.T.);
#3322=ADVANCED_FACE('',(#238),#3156,.F.);
#3323=ADVANCED_FACE('',(#239),#3157,.F.);
#3324=ADVANCED_FACE('',(#240,#104,#105,#106,#107,#108),#3158,.F.);
#3325=ADVANCED_FACE('',(#241),#3159,.F.);
#3326=ADVANCED_FACE('',(#242),#3160,.F.);
#3327=ADVANCED_FACE('',(#243),#3161,.F.);
#3328=ADVANCED_FACE('',(#244),#3162,.F.);
#3329=ADVANCED_FACE('',(#245),#3163,.F.);
#3330=ADVANCED_FACE('',(#246),#3164,.F.);
#3331=ADVANCED_FACE('',(#247),#3165,.F.);
#3332=ADVANCED_FACE('',(#248),#3166,.F.);
#3333=ADVANCED_FACE('',(#249),#3167,.F.);
#3334=ADVANCED_FACE('',(#250),#3168,.T.);
#3335=ADVANCED_FACE('',(#251),#3169,.T.);
#3336=ADVANCED_FACE('',(#252),#57,.F.);
#3337=ADVANCED_FACE('',(#253),#3170,.T.);
#3338=ADVANCED_FACE('',(#254),#3171,.T.);
#3339=ADVANCED_FACE('',(#255),#58,.F.);
#3340=ADVANCED_FACE('',(#256),#3172,.F.);
#3341=ADVANCED_FACE('',(#257),#3173,.F.);
#3342=ADVANCED_FACE('',(#258),#3174,.T.);
#3343=ADVANCED_FACE('',(#259),#3175,.T.);
#3344=ADVANCED_FACE('',(#260),#3176,.T.);
#3345=ADVANCED_FACE('',(#261),#59,.F.);
#3346=ADVANCED_FACE('',(#262),#3177,.T.);
#3347=ADVANCED_FACE('',(#263),#3178,.T.);
#3348=ADVANCED_FACE('',(#264),#3179,.T.);
#3349=ADVANCED_FACE('',(#265),#3180,.T.);
#3350=ADVANCED_FACE('',(#266),#60,.F.);
#3351=ADVANCED_FACE('',(#267),#3181,.T.);
#3352=ADVANCED_FACE('',(#268),#3182,.T.);
#3353=ADVANCED_FACE('',(#269),#3183,.F.);
#3354=ADVANCED_FACE('',(#270),#3184,.T.);
#3355=ADVANCED_FACE('',(#271),#3185,.T.);
#3356=ADVANCED_FACE('',(#272),#3186,.T.);
#3357=ADVANCED_FACE('',(#273),#61,.T.);
#3358=ADVANCED_FACE('',(#274),#3187,.F.);
#3359=ADVANCED_FACE('',(#275),#3188,.F.);
#3360=ADVANCED_FACE('',(#276),#3189,.F.);
#3361=ADVANCED_FACE('',(#277),#62,.F.);
#3362=ADVANCED_FACE('',(#278),#3190,.F.);
#3363=ADVANCED_FACE('',(#279),#3191,.T.);
#3364=ADVANCED_FACE('',(#280),#3192,.F.);
#3365=ADVANCED_FACE('',(#281),#3193,.T.);
#3366=ADVANCED_FACE('',(#282),#3194,.T.);
#3367=ADVANCED_FACE('',(#283),#3195,.T.);
#3368=ADVANCED_FACE('',(#284),#3196,.F.);
#3369=ADVANCED_FACE('',(#285),#3197,.F.);
#3370=ADVANCED_FACE('',(#286),#3198,.F.);
#3371=ADVANCED_FACE('',(#287),#3199,.F.);
#3372=ADVANCED_FACE('',(#288),#3200,.T.);
#3373=ADVANCED_FACE('',(#289),#3201,.T.);
#3374=ADVANCED_FACE('',(#290),#3202,.T.);
#3375=ADVANCED_FACE('',(#291),#3203,.F.);
#3376=ADVANCED_FACE('',(#292),#3204,.F.);
#3377=ADVANCED_FACE('',(#293),#3205,.T.);
#3378=ADVANCED_FACE('',(#294),#3206,.F.);
#3379=ADVANCED_FACE('',(#295),#3207,.T.);
#3380=ADVANCED_FACE('',(#296),#3208,.T.);
#3381=ADVANCED_FACE('',(#297),#3209,.T.);
#3382=ADVANCED_FACE('',(#298),#63,.T.);
#3383=ADVANCED_FACE('',(#299),#3210,.F.);
#3384=ADVANCED_FACE('',(#300),#3211,.F.);
#3385=ADVANCED_FACE('',(#301),#3212,.F.);
#3386=ADVANCED_FACE('',(#302),#64,.F.);
#3387=ADVANCED_FACE('',(#303),#3213,.F.);
#3388=ADVANCED_FACE('',(#304),#3214,.F.);
#3389=ADVANCED_FACE('',(#305),#3215,.F.);
#3390=ADVANCED_FACE('',(#306),#3216,.T.);
#3391=ADVANCED_FACE('',(#307),#3217,.F.);
#3392=ADVANCED_FACE('',(#308),#3218,.T.);
#3393=ADVANCED_FACE('',(#309),#3219,.T.);
#3394=ADVANCED_FACE('',(#310),#3220,.F.);
#3395=ADVANCED_FACE('',(#311),#3221,.T.);
#3396=ADVANCED_FACE('',(#312),#3222,.F.);
#3397=ADVANCED_FACE('',(#313),#3223,.T.);
#3398=ADVANCED_FACE('',(#314),#3224,.T.);
#3399=ADVANCED_FACE('',(#315),#3225,.F.);
#3400=ADVANCED_FACE('',(#316),#65,.T.);
#3401=ADVANCED_FACE('',(#317),#3226,.F.);
#3402=ADVANCED_FACE('',(#318),#3227,.T.);
#3403=ADVANCED_FACE('',(#319),#3228,.F.);
#3404=ADVANCED_FACE('',(#320),#66,.F.);
#3405=ADVANCED_FACE('',(#321),#3229,.F.);
#3406=ADVANCED_FACE('',(#322),#3230,.F.);
#3407=ADVANCED_FACE('',(#323),#3231,.F.);
#3408=ADVANCED_FACE('',(#324),#3232,.T.);
#3409=ADVANCED_FACE('',(#325),#3233,.T.);
#3410=ADVANCED_FACE('',(#326),#3234,.T.);
#3411=ADVANCED_FACE('',(#327),#67,.T.);
#3412=ADVANCED_FACE('',(#328),#3235,.F.);
#3413=ADVANCED_FACE('',(#329),#3236,.F.);
#3414=ADVANCED_FACE('',(#330),#3237,.F.);
#3415=ADVANCED_FACE('',(#331),#68,.F.);
#3416=ADVANCED_FACE('',(#332),#3238,.F.);
#3417=ADVANCED_FACE('',(#333),#3239,.T.);
#3418=ADVANCED_FACE('',(#334),#3240,.F.);
#3419=ADVANCED_FACE('',(#335),#3241,.T.);
#3420=ADVANCED_FACE('',(#336),#3242,.T.);
#3421=ADVANCED_FACE('',(#337),#3243,.T.);
#3422=ADVANCED_FACE('',(#338),#3244,.F.);
#3423=ADVANCED_FACE('',(#339),#3245,.F.);
#3424=ADVANCED_FACE('',(#340),#3246,.F.);
#3425=ADVANCED_FACE('',(#341),#3247,.F.);
#3426=ADVANCED_FACE('',(#342),#3248,.T.);
#3427=ADVANCED_FACE('',(#343),#3249,.T.);
#3428=ADVANCED_FACE('',(#344),#3250,.T.);
#3429=ADVANCED_FACE('',(#345),#69,.T.);
#3430=ADVANCED_FACE('',(#346),#3251,.F.);
#3431=ADVANCED_FACE('',(#347),#3252,.F.);
#3432=ADVANCED_FACE('',(#348),#3253,.F.);
#3433=ADVANCED_FACE('',(#349),#70,.F.);
#3434=ADVANCED_FACE('',(#350),#3254,.F.);
#3435=ADVANCED_FACE('',(#351),#3255,.T.);
#3436=ADVANCED_FACE('',(#352),#3256,.F.);
#3437=ADVANCED_FACE('',(#353),#3257,.T.);
#3438=ADVANCED_FACE('',(#354),#3258,.T.);
#3439=ADVANCED_FACE('',(#355),#3259,.T.);
#3440=ADVANCED_FACE('',(#356),#3260,.F.);
#3441=ADVANCED_FACE('',(#357),#3261,.F.);
#3442=ADVANCED_FACE('',(#358),#3262,.F.);
#3443=CLOSED_SHELL('',(#3263,#3264,#3265,#3266,#3267,#3268,#3269,#3270,
#3271,#3272,#3273,#3274,#3275,#3276,#3277,#3278,#3279,#3280,#3281,#3282,
#3283,#3284,#3285,#3286,#3287,#3288,#3289,#3290,#3291,#3292,#3293,#3294,
#3295,#3296,#3297,#3298,#3299,#3300,#3301,#3302,#3303,#3304,#3305,#3306,
#3307,#3308,#3309,#3310,#3311,#3312,#3313,#3314,#3315,#3316,#3317,#3318,
#3319,#3320,#3321,#3322,#3323,#3324,#3325,#3326,#3327,#3328,#3329,#3330,
#3331,#3332,#3333,#3334,#3335,#3336,#3337,#3338,#3339,#3340,#3341,#3342,
#3343,#3344,#3345,#3346,#3347,#3348,#3349,#3350,#3351,#3352));
#3444=CLOSED_SHELL('',(#3353,#3354,#3355,#3356,#3357,#3358,#3359,#3360,
#3361,#3362,#3363,#3364,#3365,#3366,#3367,#3368,#3369,#3370));
#3445=CLOSED_SHELL('',(#3371,#3372,#3373,#3374,#3375,#3376,#3377,#3378,
#3379,#3380,#3381,#3382,#3383,#3384,#3385,#3386,#3387,#3388));
#3446=CLOSED_SHELL('',(#3389,#3390,#3391,#3392,#3393,#3394,#3395,#3396,
#3397,#3398,#3399,#3400,#3401,#3402,#3403,#3404,#3405,#3406));
#3447=CLOSED_SHELL('',(#3407,#3408,#3409,#3410,#3411,#3412,#3413,#3414,
#3415,#3416,#3417,#3418,#3419,#3420,#3421,#3422,#3423,#3424));
#3448=CLOSED_SHELL('',(#3425,#3426,#3427,#3428,#3429,#3430,#3431,#3432,
#3433,#3434,#3435,#3436,#3437,#3438,#3439,#3440,#3441,#3442));
#3449=DERIVED_UNIT_ELEMENT(#3461,1.);
#3450=DERIVED_UNIT_ELEMENT(#5589,-3.);
#3451=DERIVED_UNIT_ELEMENT(#3461,1.);
#3452=DERIVED_UNIT_ELEMENT(#5589,-3.);
#3453=DERIVED_UNIT_ELEMENT(#3461,1.);
#3454=DERIVED_UNIT_ELEMENT(#5589,-3.);
#3455=DERIVED_UNIT_ELEMENT(#3461,1.);
#3456=DERIVED_UNIT_ELEMENT(#5589,-3.);
#3457=DERIVED_UNIT_ELEMENT(#3461,1.);
#3458=DERIVED_UNIT_ELEMENT(#5589,-3.);
#3459=DERIVED_UNIT_ELEMENT(#3461,1.);
#3460=DERIVED_UNIT_ELEMENT(#5589,-3.);
#3461=(
MASS_UNIT()
NAMED_UNIT(*)
SI_UNIT(.KILO.,.GRAM.)
);
#3462=DERIVED_UNIT((#3449,#3450));
#3463=DERIVED_UNIT((#3451,#3452));
#3464=DERIVED_UNIT((#3453,#3454));
#3465=DERIVED_UNIT((#3455,#3456));
#3466=DERIVED_UNIT((#3457,#3458));
#3467=DERIVED_UNIT((#3459,#3460));
#3468=MEASURE_REPRESENTATION_ITEM('density measure',
POSITIVE_RATIO_MEASURE(7850.),#3462);
#3469=MEASURE_REPRESENTATION_ITEM('density measure',
POSITIVE_RATIO_MEASURE(7850.),#3463);
#3470=MEASURE_REPRESENTATION_ITEM('density measure',
POSITIVE_RATIO_MEASURE(7850.),#3464);
#3471=MEASURE_REPRESENTATION_ITEM('density measure',
POSITIVE_RATIO_MEASURE(7850.),#3465);
#3472=MEASURE_REPRESENTATION_ITEM('density measure',
POSITIVE_RATIO_MEASURE(7850.),#3466);
#3473=MEASURE_REPRESENTATION_ITEM('density measure',
POSITIVE_RATIO_MEASURE(7850.),#3467);
#3474=PROPERTY_DEFINITION_REPRESENTATION(#3504,#3486);
#3475=PROPERTY_DEFINITION_REPRESENTATION(#3505,#3487);
#3476=PROPERTY_DEFINITION_REPRESENTATION(#3506,#3488);
#3477=PROPERTY_DEFINITION_REPRESENTATION(#3507,#3489);
#3478=PROPERTY_DEFINITION_REPRESENTATION(#3508,#3490);
#3479=PROPERTY_DEFINITION_REPRESENTATION(#3509,#3491);
#3480=PROPERTY_DEFINITION_REPRESENTATION(#3510,#3492);
#3481=PROPERTY_DEFINITION_REPRESENTATION(#3511,#3493);
#3482=PROPERTY_DEFINITION_REPRESENTATION(#3512,#3494);
#3483=PROPERTY_DEFINITION_REPRESENTATION(#3513,#3495);
#3484=PROPERTY_DEFINITION_REPRESENTATION(#3514,#3496);
#3485=PROPERTY_DEFINITION_REPRESENTATION(#3515,#3497);
#3486=REPRESENTATION('material name',(#3498),#5581);
#3487=REPRESENTATION('density',(#3468),#5581);
#3488=REPRESENTATION('material name',(#3499),#5582);
#3489=REPRESENTATION('density',(#3469),#5582);
#3490=REPRESENTATION('material name',(#3500),#5583);
#3491=REPRESENTATION('density',(#3470),#5583);
#3492=REPRESENTATION('material name',(#3501),#5584);
#3493=REPRESENTATION('density',(#3471),#5584);
#3494=REPRESENTATION('material name',(#3502),#5585);
#3495=REPRESENTATION('density',(#3472),#5585);
#3496=REPRESENTATION('material name',(#3503),#5586);
#3497=REPRESENTATION('density',(#3473),#5586);
#3498=DESCRIPTIVE_REPRESENTATION_ITEM('Stahl','Stahl');
#3499=DESCRIPTIVE_REPRESENTATION_ITEM('Stahl','Stahl');
#3500=DESCRIPTIVE_REPRESENTATION_ITEM('Stahl','Stahl');
#3501=DESCRIPTIVE_REPRESENTATION_ITEM('Stahl','Stahl');
#3502=DESCRIPTIVE_REPRESENTATION_ITEM('Stahl','Stahl');
#3503=DESCRIPTIVE_REPRESENTATION_ITEM('Stahl','Stahl');
#3504=PROPERTY_DEFINITION('material property','material name',#5626);
#3505=PROPERTY_DEFINITION('material property','density of part',#5626);
#3506=PROPERTY_DEFINITION('material property','material name',#5627);
#3507=PROPERTY_DEFINITION('material property','density of part',#5627);
#3508=PROPERTY_DEFINITION('material property','material name',#5628);
#3509=PROPERTY_DEFINITION('material property','density of part',#5628);
#3510=PROPERTY_DEFINITION('material property','material name',#5629);
#3511=PROPERTY_DEFINITION('material property','density of part',#5629);
#3512=PROPERTY_DEFINITION('material property','material name',#5630);
#3513=PROPERTY_DEFINITION('material property','density of part',#5630);
#3514=PROPERTY_DEFINITION('material property','material name',#5631);
#3515=PROPERTY_DEFINITION('material property','density of part',#5631);
#3516=AXIS2_PLACEMENT_3D('',#4619,#3739,#3740);
#3517=AXIS2_PLACEMENT_3D('',#4620,#3741,#3742);
#3518=AXIS2_PLACEMENT_3D('',#4621,#3743,#3744);
#3519=AXIS2_PLACEMENT_3D('',#4622,#3745,#3746);
#3520=AXIS2_PLACEMENT_3D('',#4631,#3751,#3752);
#3521=AXIS2_PLACEMENT_3D('',#4640,#3757,#3758);
#3522=AXIS2_PLACEMENT_3D('',#4649,#3763,#3764);
#3523=AXIS2_PLACEMENT_3D('',#4658,#3769,#3770);
#3524=AXIS2_PLACEMENT_3D('',#4667,#3775,#3776);
#3525=AXIS2_PLACEMENT_3D('',#4676,#3781,#3782);
#3526=AXIS2_PLACEMENT_3D('',#4685,#3787,#3788);
#3527=AXIS2_PLACEMENT_3D('',#4691,#3792,#3793);
#3528=AXIS2_PLACEMENT_3D('',#4697,#3797,#3798);
#3529=AXIS2_PLACEMENT_3D('',#4703,#3802,#3803);
#3530=AXIS2_PLACEMENT_3D('',#4712,#3808,#3809);
#3531=AXIS2_PLACEMENT_3D('',#4721,#3814,#3815);
#3532=AXIS2_PLACEMENT_3D('',#4727,#3819,#3820);
#3533=AXIS2_PLACEMENT_3D('',#4733,#3824,#3825);
#3534=AXIS2_PLACEMENT_3D('',#4739,#3829,#3830);
#3535=AXIS2_PLACEMENT_3D('',#4745,#3834,#3835);
#3536=AXIS2_PLACEMENT_3D('',#4751,#3839,#3840);
#3537=AXIS2_PLACEMENT_3D('',#4754,#3843,#3844);
#3538=AXIS2_PLACEMENT_3D('',#4757,#3847,#3848);
#3539=AXIS2_PLACEMENT_3D('',#4766,#3853,#3854);
#3540=AXIS2_PLACEMENT_3D('',#4775,#3859,#3860);
#3541=AXIS2_PLACEMENT_3D('',#4778,#3863,#3864);
#3542=AXIS2_PLACEMENT_3D('',#4781,#3867,#3868);
#3543=AXIS2_PLACEMENT_3D('',#4784,#3871,#3872);
#3544=AXIS2_PLACEMENT_3D('',#4787,#3875,#3876);
#3545=AXIS2_PLACEMENT_3D('',#4796,#3881,#3882);
#3546=AXIS2_PLACEMENT_3D('',#4805,#3888,#3889);
#3547=AXIS2_PLACEMENT_3D('',#4811,#3893,#3894);
#3548=AXIS2_PLACEMENT_3D('',#4820,#3900,#3901);
#3549=AXIS2_PLACEMENT_3D('',#4826,#3905,#3906);
#3550=AXIS2_PLACEMENT_3D('',#4835,#3911,#3912);
#3551=AXIS2_PLACEMENT_3D('',#4844,#3918,#3919);
#3552=AXIS2_PLACEMENT_3D('',#4850,#3923,#3924);
#3553=AXIS2_PLACEMENT_3D('',#4859,#3930,#3931);
#3554=AXIS2_PLACEMENT_3D('',#4865,#3935,#3936);
#3555=AXIS2_PLACEMENT_3D('',#4874,#3942,#3943);
#3556=AXIS2_PLACEMENT_3D('',#4880,#3947,#3948);
#3557=AXIS2_PLACEMENT_3D('',#4892,#3954,#3955);
#3558=AXIS2_PLACEMENT_3D('',#4896,#3958,#3959);
#3559=AXIS2_PLACEMENT_3D('',#4905,#3964,#3965);
#3560=AXIS2_PLACEMENT_3D('',#4911,#3969,#3970);
#3561=AXIS2_PLACEMENT_3D('',#4929,#3981,#3982);
#3562=AXIS2_PLACEMENT_3D('',#4930,#3983,#3984);
#3563=AXIS2_PLACEMENT_3D('',#4932,#3986,#3987);
#3564=AXIS2_PLACEMENT_3D('',#4934,#3989,#3990);
#3565=AXIS2_PLACEMENT_3D('',#4936,#3992,#3993);
#3566=AXIS2_PLACEMENT_3D('',#4942,#3997,#3998);
#3567=AXIS2_PLACEMENT_3D('',#4952,#4003,#4004);
#3568=AXIS2_PLACEMENT_3D('',#4954,#4006,#4007);
#3569=AXIS2_PLACEMENT_3D('',#4958,#4010,#4011);
#3570=AXIS2_PLACEMENT_3D('',#4964,#4015,#4016);
#3571=AXIS2_PLACEMENT_3D('',#4968,#4019,#4020);
#3572=AXIS2_PLACEMENT_3D('',#4972,#4023,#4024);
#3573=AXIS2_PLACEMENT_3D('',#4978,#4028,#4029);
#3574=AXIS2_PLACEMENT_3D('',#4982,#4032,#4033);
#3575=AXIS2_PLACEMENT_3D('',#4988,#4037,#4038);
#3576=AXIS2_PLACEMENT_3D('',#4992,#4041,#4042);
#3577=AXIS2_PLACEMENT_3D('',#4998,#4046,#4047);
#3578=AXIS2_PLACEMENT_3D('',#5002,#4050,#4051);
#3579=AXIS2_PLACEMENT_3D('',#5010,#4055,#4056);
#3580=AXIS2_PLACEMENT_3D('',#5016,#4060,#4061);
#3581=AXIS2_PLACEMENT_3D('',#5021,#4065,#4066);
#3582=AXIS2_PLACEMENT_3D('',#5025,#4069,#4070);
#3583=AXIS2_PLACEMENT_3D('',#5031,#4073,#4074);
#3584=AXIS2_PLACEMENT_3D('',#5035,#4077,#4078);
#3585=AXIS2_PLACEMENT_3D('',#5037,#4080,#4081);
#3586=AXIS2_PLACEMENT_3D('',#5052,#4091,#4092);
#3587=AXIS2_PLACEMENT_3D('',#5064,#4098,#4099);
#3588=AXIS2_PLACEMENT_3D('',#5072,#4104,#4105);
#3589=AXIS2_PLACEMENT_3D('',#5073,#4106,#4107);
#3590=AXIS2_PLACEMENT_3D('',#5074,#4108,#4109);
#3591=AXIS2_PLACEMENT_3D('',#5075,#4110,#4111);
#3592=AXIS2_PLACEMENT_3D('',#5076,#4112,#4113);
#3593=AXIS2_PLACEMENT_3D('',#5077,#4114,#4115);
#3594=AXIS2_PLACEMENT_3D('',#5083,#4119,#4120);
#3595=AXIS2_PLACEMENT_3D('',#5087,#4123,#4124);
#3596=AXIS2_PLACEMENT_3D('',#5091,#4127,#4128);
#3597=AXIS2_PLACEMENT_3D('',#5104,#4136,#4137);
#3598=AXIS2_PLACEMENT_3D('',#5115,#4143,#4144);
#3599=AXIS2_PLACEMENT_3D('',#5116,#4145,#4146);
#3600=AXIS2_PLACEMENT_3D('',#5117,#4147,#4148);
#3601=AXIS2_PLACEMENT_3D('',#5119,#4150,#4151);
#3602=AXIS2_PLACEMENT_3D('',#5121,#4153,#4154);
#3603=AXIS2_PLACEMENT_3D('',#5122,#4155,#4156);
#3604=AXIS2_PLACEMENT_3D('',#5124,#4158,#4159);
#3605=AXIS2_PLACEMENT_3D('',#5126,#4161,#4162);
#3606=AXIS2_PLACEMENT_3D('',#5128,#4164,#4165);
#3607=AXIS2_PLACEMENT_3D('',#5130,#4167,#4168);
#3608=AXIS2_PLACEMENT_3D('',#5132,#4170,#4171);
#3609=AXIS2_PLACEMENT_3D('',#5134,#4173,#4174);
#3610=AXIS2_PLACEMENT_3D('',#5136,#4176,#4177);
#3611=AXIS2_PLACEMENT_3D('',#5139,#4180,#4181);
#3612=AXIS2_PLACEMENT_3D('',#5141,#4183,#4184);
#3613=AXIS2_PLACEMENT_3D('',#5142,#4185,#4186);
#3614=AXIS2_PLACEMENT_3D('',#5145,#4189,#4190);
#3615=AXIS2_PLACEMENT_3D('',#5146,#4191,#4192);
#3616=AXIS2_PLACEMENT_3D('',#5147,#4193,#4194);
#3617=AXIS2_PLACEMENT_3D('',#5148,#4195,#4196);
#3618=AXIS2_PLACEMENT_3D('',#5149,#4197,#4198);
#3619=AXIS2_PLACEMENT_3D('',#5158,#4203,#4204);
#3620=AXIS2_PLACEMENT_3D('',#5164,#4208,#4209);
#3621=AXIS2_PLACEMENT_3D('',#5170,#4213,#4214);
#3622=AXIS2_PLACEMENT_3D('',#5172,#4216,#4217);
#3623=AXIS2_PLACEMENT_3D('',#5175,#4218,#4219);
#3624=AXIS2_PLACEMENT_3D('',#5179,#4221,#4222);
#3625=AXIS2_PLACEMENT_3D('',#5181,#4224,#4225);
#3626=AXIS2_PLACEMENT_3D('',#5184,#4228,#4229);
#3627=AXIS2_PLACEMENT_3D('',#5186,#4231,#4232);
#3628=AXIS2_PLACEMENT_3D('',#5192,#4236,#4237);
#3629=AXIS2_PLACEMENT_3D('',#5194,#4238,#4239);
#3630=AXIS2_PLACEMENT_3D('',#5197,#4241,#4242);
#3631=AXIS2_PLACEMENT_3D('',#5198,#4243,#4244);
#3632=AXIS2_PLACEMENT_3D('',#5204,#4248,#4249);
#3633=AXIS2_PLACEMENT_3D('',#5208,#4252,#4253);
#3634=AXIS2_PLACEMENT_3D('',#5214,#4257,#4258);
#3635=AXIS2_PLACEMENT_3D('',#5220,#4262,#4263);
#3636=AXIS2_PLACEMENT_3D('',#5225,#4267,#4268);
#3637=AXIS2_PLACEMENT_3D('',#5227,#4270,#4271);
#3638=AXIS2_PLACEMENT_3D('',#5228,#4272,#4273);
#3639=AXIS2_PLACEMENT_3D('',#5230,#4275,#4276);
#3640=AXIS2_PLACEMENT_3D('',#5231,#4277,#4278);
#3641=AXIS2_PLACEMENT_3D('',#5232,#4279,#4280);
#3642=AXIS2_PLACEMENT_3D('',#5241,#4285,#4286);
#3643=AXIS2_PLACEMENT_3D('',#5247,#4290,#4291);
#3644=AXIS2_PLACEMENT_3D('',#5251,#4294,#4295);
#3645=AXIS2_PLACEMENT_3D('',#5255,#4298,#4299);
#3646=AXIS2_PLACEMENT_3D('',#5257,#4301,#4302);
#3647=AXIS2_PLACEMENT_3D('',#5263,#4306,#4307);
#3648=AXIS2_PLACEMENT_3D('',#5267,#4309,#4310);
#3649=AXIS2_PLACEMENT_3D('',#5274,#4314,#4315);
#3650=AXIS2_PLACEMENT_3D('',#5275,#4316,#4317);
#3651=AXIS2_PLACEMENT_3D('',#5284,#4322,#4323);
#3652=AXIS2_PLACEMENT_3D('',#5289,#4327,#4328);
#3653=AXIS2_PLACEMENT_3D('',#5294,#4332,#4333);
#3654=AXIS2_PLACEMENT_3D('',#5296,#4335,#4336);
#3655=AXIS2_PLACEMENT_3D('',#5299,#4337,#4338);
#3656=AXIS2_PLACEMENT_3D('',#5302,#4341,#4342);
#3657=AXIS2_PLACEMENT_3D('',#5304,#4344,#4345);
#3658=AXIS2_PLACEMENT_3D('',#5305,#4346,#4347);
#3659=AXIS2_PLACEMENT_3D('',#5309,#4350,#4351);
#3660=AXIS2_PLACEMENT_3D('',#5310,#4352,#4353);
#3661=AXIS2_PLACEMENT_3D('',#5311,#4354,#4355);
#3662=AXIS2_PLACEMENT_3D('',#5313,#4357,#4358);
#3663=AXIS2_PLACEMENT_3D('',#5314,#4359,#4360);
#3664=AXIS2_PLACEMENT_3D('',#5315,#4361,#4362);
#3665=AXIS2_PLACEMENT_3D('',#5324,#4367,#4368);
#3666=AXIS2_PLACEMENT_3D('',#5330,#4372,#4373);
#3667=AXIS2_PLACEMENT_3D('',#5334,#4376,#4377);
#3668=AXIS2_PLACEMENT_3D('',#5338,#4380,#4381);
#3669=AXIS2_PLACEMENT_3D('',#5340,#4383,#4384);
#3670=AXIS2_PLACEMENT_3D('',#5346,#4388,#4389);
#3671=AXIS2_PLACEMENT_3D('',#5350,#4391,#4392);
#3672=AXIS2_PLACEMENT_3D('',#5357,#4396,#4397);
#3673=AXIS2_PLACEMENT_3D('',#5358,#4398,#4399);
#3674=AXIS2_PLACEMENT_3D('',#5367,#4404,#4405);
#3675=AXIS2_PLACEMENT_3D('',#5372,#4409,#4410);
#3676=AXIS2_PLACEMENT_3D('',#5377,#4414,#4415);
#3677=AXIS2_PLACEMENT_3D('',#5378,#4416,#4417);
#3678=AXIS2_PLACEMENT_3D('',#5381,#4418,#4419);
#3679=AXIS2_PLACEMENT_3D('',#5384,#4422,#4423);
#3680=AXIS2_PLACEMENT_3D('',#5386,#4425,#4426);
#3681=AXIS2_PLACEMENT_3D('',#5388,#4428,#4429);
#3682=AXIS2_PLACEMENT_3D('',#5392,#4432,#4433);
#3683=AXIS2_PLACEMENT_3D('',#5393,#4434,#4435);
#3684=AXIS2_PLACEMENT_3D('',#5394,#4436,#4437);
#3685=AXIS2_PLACEMENT_3D('',#5396,#4439,#4440);
#3686=AXIS2_PLACEMENT_3D('',#5397,#4441,#4442);
#3687=AXIS2_PLACEMENT_3D('',#5398,#4443,#4444);
#3688=AXIS2_PLACEMENT_3D('',#5407,#4449,#4450);
#3689=AXIS2_PLACEMENT_3D('',#5413,#4454,#4455);
#3690=AXIS2_PLACEMENT_3D('',#5419,#4459,#4460);
#3691=AXIS2_PLACEMENT_3D('',#5421,#4462,#4463);
#3692=AXIS2_PLACEMENT_3D('',#5424,#4464,#4465);
#3693=AXIS2_PLACEMENT_3D('',#5428,#4467,#4468);
#3694=AXIS2_PLACEMENT_3D('',#5430,#4470,#4471);
#3695=AXIS2_PLACEMENT_3D('',#5433,#4474,#4475);
#3696=AXIS2_PLACEMENT_3D('',#5435,#4477,#4478);
#3697=AXIS2_PLACEMENT_3D('',#5441,#4482,#4483);
#3698=AXIS2_PLACEMENT_3D('',#5443,#4484,#4485);
#3699=AXIS2_PLACEMENT_3D('',#5446,#4487,#4488);
#3700=AXIS2_PLACEMENT_3D('',#5447,#4489,#4490);
#3701=AXIS2_PLACEMENT_3D('',#5453,#4494,#4495);
#3702=AXIS2_PLACEMENT_3D('',#5457,#4498,#4499);
#3703=AXIS2_PLACEMENT_3D('',#5463,#4503,#4504);
#3704=AXIS2_PLACEMENT_3D('',#5469,#4508,#4509);
#3705=AXIS2_PLACEMENT_3D('',#5474,#4513,#4514);
#3706=AXIS2_PLACEMENT_3D('',#5476,#4516,#4517);
#3707=AXIS2_PLACEMENT_3D('',#5477,#4518,#4519);
#3708=AXIS2_PLACEMENT_3D('',#5479,#4521,#4522);
#3709=AXIS2_PLACEMENT_3D('',#5480,#4523,#4524);
#3710=AXIS2_PLACEMENT_3D('',#5481,#4525,#4526);
#3711=AXIS2_PLACEMENT_3D('',#5490,#4531,#4532);
#3712=AXIS2_PLACEMENT_3D('',#5496,#4536,#4537);
#3713=AXIS2_PLACEMENT_3D('',#5502,#4541,#4542);
#3714=AXIS2_PLACEMENT_3D('',#5504,#4544,#4545);
#3715=AXIS2_PLACEMENT_3D('',#5507,#4546,#4547);
#3716=AXIS2_PLACEMENT_3D('',#5511,#4549,#4550);
#3717=AXIS2_PLACEMENT_3D('',#5513,#4552,#4553);
#3718=AXIS2_PLACEMENT_3D('',#5516,#4556,#4557);
#3719=AXIS2_PLACEMENT_3D('',#5518,#4559,#4560);
#3720=AXIS2_PLACEMENT_3D('',#5524,#4564,#4565);
#3721=AXIS2_PLACEMENT_3D('',#5526,#4566,#4567);
#3722=AXIS2_PLACEMENT_3D('',#5529,#4569,#4570);
#3723=AXIS2_PLACEMENT_3D('',#5530,#4571,#4572);
#3724=AXIS2_PLACEMENT_3D('',#5536,#4576,#4577);
#3725=AXIS2_PLACEMENT_3D('',#5540,#4580,#4581);
#3726=AXIS2_PLACEMENT_3D('',#5546,#4585,#4586);
#3727=AXIS2_PLACEMENT_3D('',#5552,#4590,#4591);
#3728=AXIS2_PLACEMENT_3D('',#5557,#4595,#4596);
#3729=AXIS2_PLACEMENT_3D('',#5559,#4598,#4599);
#3730=AXIS2_PLACEMENT_3D('',#5560,#4600,#4601);
#3731=AXIS2_PLACEMENT_3D('',#5562,#4603,#4604);
#3732=AXIS2_PLACEMENT_3D('',#5563,#4605,#4606);
#3733=AXIS2_PLACEMENT_3D('',#5564,#4607,#4608);
#3734=AXIS2_PLACEMENT_3D('',#5565,#4609,#4610);
#3735=AXIS2_PLACEMENT_3D('',#5566,#4611,#4612);
#3736=AXIS2_PLACEMENT_3D('',#5567,#4613,#4614);
#3737=AXIS2_PLACEMENT_3D('',#5568,#4615,#4616);
#3738=AXIS2_PLACEMENT_3D('',#5569,#4617,#4618);
#3739=DIRECTION('axis',(0.,0.,1.));
#3740=DIRECTION('refdir',(1.,0.,0.));
#3741=DIRECTION('axis',(0.,0.,1.));
#3742=DIRECTION('refdir',(1.,0.,0.));
#3743=DIRECTION('axis',(0.,0.,1.));
#3744=DIRECTION('refdir',(1.,0.,0.));
#3745=DIRECTION('center_axis',(1.224646799147E-16,1.,0.));
#3746=DIRECTION('ref_axis',(1.,-1.224646799147E-16,0.));
#3747=DIRECTION('',(-1.,1.224646799147E-16,0.));
#3748=DIRECTION('',(0.,0.,-1.));
#3749=DIRECTION('',(1.,-1.224646799147E-16,0.));
#3750=DIRECTION('',(0.,0.,-1.));
#3751=DIRECTION('center_axis',(1.224646799147E-16,1.,0.));
#3752=DIRECTION('ref_axis',(1.,-1.224646799147E-16,0.));
#3753=DIRECTION('',(-1.,1.224646799147E-16,0.));
#3754=DIRECTION('',(0.,0.,-1.));
#3755=DIRECTION('',(1.,-1.224646799147E-16,0.));
#3756=DIRECTION('',(0.,0.,-1.));
#3757=DIRECTION('center_axis',(1.224646799147E-16,1.,0.));
#3758=DIRECTION('ref_axis',(1.,-1.224646799147E-16,0.));
#3759=DIRECTION('',(-1.,1.224646799147E-16,0.));
#3760=DIRECTION('',(0.,0.,-1.));
#3761=DIRECTION('',(1.,-1.224646799147E-16,0.));
#3762=DIRECTION('',(0.,0.,-1.));
#3763=DIRECTION('center_axis',(1.224646799147E-16,1.,0.));
#3764=DIRECTION('ref_axis',(1.,-1.224646799147E-16,0.));
#3765=DIRECTION('',(-1.,1.224646799147E-16,0.));
#3766=DIRECTION('',(0.,0.,-1.));
#3767=DIRECTION('',(1.,-1.224646799147E-16,0.));
#3768=DIRECTION('',(0.,0.,-1.));
#3769=DIRECTION('center_axis',(1.224646799147E-16,1.,0.));
#3770=DIRECTION('ref_axis',(1.,-1.224646799147E-16,0.));
#3771=DIRECTION('',(-1.,1.224646799147E-16,0.));
#3772=DIRECTION('',(0.,0.,-1.));
#3773=DIRECTION('',(1.,-1.224646799147E-16,0.));
#3774=DIRECTION('',(0.,0.,-1.));
#3775=DIRECTION('center_axis',(-1.,1.224646799147E-16,0.));
#3776=DIRECTION('ref_axis',(0.,0.,1.));
#3777=DIRECTION('',(-1.224646799147E-16,-1.,0.));
#3778=DIRECTION('',(-1.35963107344631E-32,-1.110223024625E-16,-1.));
#3779=DIRECTION('',(-1.224646799147E-16,-1.,0.));
#3780=DIRECTION('',(-1.35963107344631E-32,-1.110223024625E-16,-1.));
#3781=DIRECTION('center_axis',(-1.,1.224646799147E-16,0.));
#3782=DIRECTION('ref_axis',(0.,0.,1.));
#3783=DIRECTION('',(-1.35963107344631E-32,-1.110223024625E-16,-1.));
#3784=DIRECTION('',(-1.224646799147E-16,-1.,0.));
#3785=DIRECTION('',(-1.35963107344631E-32,-1.110223024625E-16,-1.));
#3786=DIRECTION('',(1.224646799147E-16,1.,0.));
#3787=DIRECTION('center_axis',(0.,0.,-1.));
#3788=DIRECTION('ref_axis',(1.224646799147E-16,1.,0.));
#3789=DIRECTION('',(1.,-1.224646799147E-16,0.));
#3790=DIRECTION('',(1.224646799147E-16,1.,0.));
#3791=DIRECTION('',(1.,-1.224646799147E-16,0.));
#3792=DIRECTION('center_axis',(0.,0.,-1.));
#3793=DIRECTION('ref_axis',(1.224646799147E-16,1.,0.));
#3794=DIRECTION('',(1.,-1.224646799147E-16,0.));
#3795=DIRECTION('',(-1.224646799147E-16,-1.,0.));
#3796=DIRECTION('',(1.,-1.224646799147E-16,0.));
#3797=DIRECTION('center_axis',(0.,0.,1.));
#3798=DIRECTION('ref_axis',(-1.224646799147E-16,-1.,0.));
#3799=DIRECTION('',(-1.,1.224646799147E-16,0.));
#3800=DIRECTION('',(1.224646799147E-16,1.,0.));
#3801=DIRECTION('',(-1.,1.224646799147E-16,0.));
#3802=DIRECTION('center_axis',(-1.,1.224646799147E-16,0.));
#3803=DIRECTION('ref_axis',(0.,0.,1.));
#3804=DIRECTION('',(-1.224646799147E-16,-1.,0.));
#3805=DIRECTION('',(-1.35963107344631E-32,-1.110223024625E-16,-1.));
#3806=DIRECTION('',(1.224646799147E-16,1.,0.));
#3807=DIRECTION('',(-1.35963107344631E-32,-1.110223024625E-16,-1.));
#3808=DIRECTION('center_axis',(-1.,1.224646799147E-16,0.));
#3809=DIRECTION('ref_axis',(0.,0.,1.));
#3810=DIRECTION('',(-1.224646799147E-16,-1.,0.));
#3811=DIRECTION('',(-1.35963107344631E-32,-1.110223024625E-16,-1.));
#3812=DIRECTION('',(-1.224646799147E-16,-1.,0.));
#3813=DIRECTION('',(-1.35963107344631E-32,-1.110223024625E-16,-1.));
#3814=DIRECTION('center_axis',(0.,0.,-1.));
#3815=DIRECTION('ref_axis',(1.224646799147E-16,1.,0.));
#3816=DIRECTION('',(1.,-1.224646799147E-16,0.));
#3817=DIRECTION('',(-1.224646799147E-16,-1.,0.));
#3818=DIRECTION('',(1.,-1.224646799147E-16,0.));
#3819=DIRECTION('center_axis',(0.,0.,-1.));
#3820=DIRECTION('ref_axis',(1.224646799147E-16,1.,0.));
#3821=DIRECTION('',(1.,-1.224646799147E-16,0.));
#3822=DIRECTION('',(-1.224646799147E-16,-1.,0.));
#3823=DIRECTION('',(1.,-1.224646799147E-16,0.));
#3824=DIRECTION('center_axis',(0.,0.,1.));
#3825=DIRECTION('ref_axis',(-1.224646799147E-16,-1.,0.));
#3826=DIRECTION('',(-1.,1.224646799147E-16,0.));
#3827=DIRECTION('',(-1.224646799147E-16,-1.,0.));
#3828=DIRECTION('',(-1.,1.224646799147E-16,0.));
#3829=DIRECTION('center_axis',(0.,0.,1.));
#3830=DIRECTION('ref_axis',(-1.224646799147E-16,-1.,0.));
#3831=DIRECTION('',(-1.,1.224646799147E-16,0.));
#3832=DIRECTION('',(-1.224646799147E-16,-1.,0.));
#3833=DIRECTION('',(-1.,1.224646799147E-16,0.));
#3834=DIRECTION('center_axis',(-1.,1.224646799147E-16,0.));
#3835=DIRECTION('ref_axis',(0.,0.,1.));
#3836=DIRECTION('',(-1.35963107344631E-32,-1.110223024625E-16,-1.));
#3837=DIRECTION('',(1.224646799147E-16,1.,0.));
#3838=DIRECTION('',(-1.35963107344631E-32,-1.110223024625E-16,-1.));
#3839=DIRECTION('center_axis',(-1.,1.224646799147E-16,0.));
#3840=DIRECTION('ref_axis',(0.,0.,1.));
#3841=DIRECTION('',(-1.35963107344631E-32,-1.110223024625E-16,-1.));
#3842=DIRECTION('',(-1.35963107344631E-32,-1.110223024625E-16,-1.));
#3843=DIRECTION('center_axis',(0.,0.,1.));
#3844=DIRECTION('ref_axis',(-1.224646799147E-16,-1.,0.));
#3845=DIRECTION('',(-1.,1.224646799147E-16,0.));
#3846=DIRECTION('',(-1.,1.224646799147E-16,0.));
#3847=DIRECTION('center_axis',(-1.,1.224646799147E-16,0.));
#3848=DIRECTION('ref_axis',(0.,0.,1.));
#3849=DIRECTION('',(1.224646799147E-16,1.,0.));
#3850=DIRECTION('',(-1.35963107344631E-32,-1.110223024625E-16,-1.));
#3851=DIRECTION('',(-1.224646799147E-16,-1.,0.));
#3852=DIRECTION('',(-1.35963107344631E-32,-1.110223024625E-16,-1.));
#3853=DIRECTION('center_axis',(-1.,1.224646799147E-16,0.));
#3854=DIRECTION('ref_axis',(0.,0.,1.));
#3855=DIRECTION('',(1.224646799147E-16,1.,0.));
#3856=DIRECTION('',(-1.35963107344631E-32,-1.110223024625E-16,-1.));
#3857=DIRECTION('',(-1.224646799147E-16,-1.,0.));
#3858=DIRECTION('',(-1.35963107344631E-32,-1.110223024625E-16,-1.));
#3859=DIRECTION('center_axis',(-1.,1.224646799147E-16,0.));
#3860=DIRECTION('ref_axis',(0.,0.,1.));
#3861=DIRECTION('',(-1.35963107344631E-32,-1.110223024625E-16,-1.));
#3862=DIRECTION('',(-1.35963107344631E-32,-1.110223024625E-16,-1.));
#3863=DIRECTION('center_axis',(0.,0.,1.));
#3864=DIRECTION('ref_axis',(-1.224646799147E-16,-1.,0.));
#3865=DIRECTION('',(-1.,1.224646799147E-16,0.));
#3866=DIRECTION('',(-1.,1.224646799147E-16,0.));
#3867=DIRECTION('center_axis',(0.,0.,-1.));
#3868=DIRECTION('ref_axis',(1.224646799147E-16,1.,0.));
#3869=DIRECTION('',(1.,-1.224646799147E-16,0.));
#3870=DIRECTION('',(1.,-1.224646799147E-16,0.));
#3871=DIRECTION('center_axis',(-1.,1.224646799147E-16,0.));
#3872=DIRECTION('ref_axis',(0.,0.,1.));
#3873=DIRECTION('',(-1.35963107344631E-32,-1.110223024625E-16,-1.));
#3874=DIRECTION('',(-1.35963107344631E-32,-1.110223024625E-16,-1.));
#3875=DIRECTION('center_axis',(1.224646799147E-16,1.,-1.110223024625E-16));
#3876=DIRECTION('ref_axis',(0.,1.110223024625E-16,1.));
#3877=DIRECTION('',(7.16120671195507E-33,1.110223024625E-16,1.));
#3878=DIRECTION('',(-1.,1.224646799147E-16,0.));
#3879=DIRECTION('',(-7.16120671195507E-33,-1.110223024625E-16,-1.));
#3880=DIRECTION('',(-1.,1.224646799147E-16,0.));
#3881=DIRECTION('center_axis',(1.,-1.224646799147E-16,6.435104022508E-33));
#3882=DIRECTION('ref_axis',(1.224646799147E-16,1.,-1.110223024625E-16));
#3883=DIRECTION('',(0.,0.,-1.));
#3884=DIRECTION('',(1.224646799147E-16,1.,-1.110223024625E-16));
#3885=DIRECTION('',(-2.87351777815973E-17,-0.23464053310406,-0.972082208573248));
#3886=DIRECTION('',(4.33392824343998E-17,0.35389209741608,-0.935286257456212));
#3887=DIRECTION('',(-1.224646799147E-16,-1.,1.110223024625E-16));
#3888=DIRECTION('center_axis',(-1.224646799147E-16,-1.,1.110223024625E-16));
#3889=DIRECTION('ref_axis',(-1.,1.224646799147E-16,0.));
#3890=DIRECTION('',(0.,0.,-1.));
#3891=DIRECTION('',(1.,-1.224646799147E-16,0.));
#3892=DIRECTION('',(-1.,1.224646799147E-16,0.));
#3893=DIRECTION('center_axis',(1.,-1.224646799147E-16,6.435104022508E-33));
#3894=DIRECTION('ref_axis',(1.224646799147E-16,1.,-1.110223024625E-16));
#3895=DIRECTION('',(7.16120671195507E-33,1.110223024625E-16,1.));
#3896=DIRECTION('',(-2.87351777815973E-17,-0.23464053310406,-0.972082208573248));
#3897=DIRECTION('',(-1.224646799147E-16,-1.,1.110223024625E-16));
#3898=DIRECTION('',(-1.224646799147E-16,-1.,1.110223024625E-16));
#3899=DIRECTION('',(4.33392824343998E-17,0.35389209741608,-0.935286257456212));
#3900=DIRECTION('center_axis',(1.224646799147E-16,1.,-1.110223024625E-16));
#3901=DIRECTION('ref_axis',(0.,1.110223024625E-16,1.));
#3902=DIRECTION('',(-7.16120671195507E-33,-1.110223024625E-16,-1.));
#3903=DIRECTION('',(-1.,1.224646799147E-16,0.));
#3904=DIRECTION('',(-1.,1.224646799147E-16,0.));
#3905=DIRECTION('center_axis',(1.224646799147E-16,1.,-1.110223024625E-16));
#3906=DIRECTION('ref_axis',(0.,1.110223024625E-16,1.));
#3907=DIRECTION('',(7.16120671195507E-33,1.110223024625E-16,1.));
#3908=DIRECTION('',(-1.,1.224646799147E-16,0.));
#3909=DIRECTION('',(-7.16120671195507E-33,-1.110223024625E-16,-1.));
#3910=DIRECTION('',(-1.,1.224646799147E-16,0.));
#3911=DIRECTION('center_axis',(1.,-1.224646799147E-16,6.435104022508E-33));
#3912=DIRECTION('ref_axis',(1.224646799147E-16,1.,-1.110223024625E-16));
#3913=DIRECTION('',(0.,0.,-1.));
#3914=DIRECTION('',(1.224646799147E-16,1.,-1.110223024625E-16));
#3915=DIRECTION('',(-2.87351777815973E-17,-0.23464053310406,-0.972082208573248));
#3916=DIRECTION('',(4.33392824343998E-17,0.35389209741608,-0.935286257456212));
#3917=DIRECTION('',(-1.224646799147E-16,-1.,1.110223024625E-16));
#3918=DIRECTION('center_axis',(-1.224646799147E-16,-1.,1.110223024625E-16));
#3919=DIRECTION('ref_axis',(-1.,1.224646799147E-16,0.));
#3920=DIRECTION('',(0.,0.,-1.));
#3921=DIRECTION('',(1.,-1.224646799147E-16,0.));
#3922=DIRECTION('',(-1.,1.224646799147E-16,0.));
#3923=DIRECTION('center_axis',(1.,-1.224646799147E-16,6.435104022508E-33));
#3924=DIRECTION('ref_axis',(1.224646799147E-16,1.,-1.110223024625E-16));
#3925=DIRECTION('',(7.16120671195507E-33,1.110223024625E-16,1.));
#3926=DIRECTION('',(-2.87351777815973E-17,-0.23464053310406,-0.972082208573248));
#3927=DIRECTION('',(-1.224646799147E-16,-1.,1.110223024625E-16));
#3928=DIRECTION('',(-1.224646799147E-16,-1.,1.110223024625E-16));
#3929=DIRECTION('',(4.33392824343998E-17,0.35389209741608,-0.935286257456212));
#3930=DIRECTION('center_axis',(1.224646799147E-16,1.,-1.110223024625E-16));
#3931=DIRECTION('ref_axis',(0.,1.110223024625E-16,1.));
#3932=DIRECTION('',(-7.16120671195507E-33,-1.110223024625E-16,-1.));
#3933=DIRECTION('',(-1.,1.224646799147E-16,0.));
#3934=DIRECTION('',(-1.,1.224646799147E-16,0.));
#3935=DIRECTION('center_axis',(1.,-1.224646799147E-16,6.435104022508E-33));
#3936=DIRECTION('ref_axis',(1.224646799147E-16,1.,-1.110223024625E-16));
#3937=DIRECTION('',(0.,0.,-1.));
#3938=DIRECTION('',(1.224646799147E-16,1.,-1.110223024625E-16));
#3939=DIRECTION('',(-2.87351777815973E-17,-0.23464053310406,-0.972082208573248));
#3940=DIRECTION('',(4.33392824343998E-17,0.35389209741608,-0.935286257456212));
#3941=DIRECTION('',(-1.224646799147E-16,-1.,1.110223024625E-16));
#3942=DIRECTION('center_axis',(-1.224646799147E-16,-1.,1.110223024625E-16));
#3943=DIRECTION('ref_axis',(-1.,1.224646799147E-16,0.));
#3944=DIRECTION('',(5.47324544398669E-32,-1.110223024625E-16,-1.));
#3945=DIRECTION('',(-1.,1.224646799147E-16,0.));
#3946=DIRECTION('',(-1.,1.224646799147E-16,0.));
#3947=DIRECTION('center_axis',(1.,-1.224646799147E-16,6.832876517433E-32));
#3948=DIRECTION('ref_axis',(6.832876517433E-32,-8.367860356044E-48,-1.));
#3949=DIRECTION('',(0.,0.,1.));
#3950=DIRECTION('',(-1.224646799147E-16,-1.,0.));
#3951=DIRECTION('',(-1.224646799147E-16,-1.,1.110223024625E-16));
#3952=DIRECTION('',(1.359631073447E-32,1.110223024625E-16,1.));
#3953=DIRECTION('',(1.224646799147E-16,1.,-1.110223024625E-16));
#3954=DIRECTION('center_axis',(-1.,1.224646799147E-16,0.));
#3955=DIRECTION('ref_axis',(1.35963107344631E-32,1.110223024625E-16,1.));
#3956=DIRECTION('',(-1.359631073447E-32,-1.110223024625E-16,-1.));
#3957=DIRECTION('',(-1.224646799147E-16,-1.,1.110223024625E-16));
#3958=DIRECTION('center_axis',(8.65956056234946E-17,0.707106781186548,-0.707106781186548));
#3959=DIRECTION('ref_axis',(-1.,1.22464679914679E-16,2.10403994564417E-29));
#3960=DIRECTION('',(1.,-1.224646799147E-16,0.));
#3961=DIRECTION('',(0.577350269189626,0.577350269189626,0.577350269189626));
#3962=DIRECTION('',(1.,-1.224646799147E-16,0.));
#3963=DIRECTION('',(-0.577350269189626,0.577350269189626,0.577350269189626));
#3964=DIRECTION('center_axis',(-1.359631073447E-32,-1.110223024625E-16,
-1.));
#3965=DIRECTION('ref_axis',(1.,-1.224646799147E-16,-6.92712190079319E-45));
#3966=DIRECTION('',(1.,-1.224646799147E-16,0.));
#3967=DIRECTION('',(1.224646799147E-16,1.,-1.110223024625E-16));
#3968=DIRECTION('',(1.224646799147E-16,1.,-1.110223024625E-16));
#3969=DIRECTION('center_axis',(0.,0.,1.));
#3970=DIRECTION('ref_axis',(-1.224646799147E-16,-1.,0.));
#3971=DIRECTION('',(-1.224646799147E-16,-1.,0.));
#3972=DIRECTION('',(-1.,1.224646799147E-16,0.));
#3973=DIRECTION('',(-1.224646799147E-16,-1.,1.110223024625E-16));
#3974=DIRECTION('',(1.224646799147E-16,1.,-1.110223024625E-16));
#3975=DIRECTION('',(1.,-1.224646799147E-16,0.));
#3976=DIRECTION('',(-1.224646799147E-16,-1.,1.110223024625E-16));
#3977=DIRECTION('',(1.224646799147E-16,1.,-1.110223024625E-16));
#3978=DIRECTION('',(1.,-1.224646799147E-16,0.));
#3979=DIRECTION('',(-1.224646799147E-16,-1.,1.110223024625E-16));
#3980=DIRECTION('',(-1.,1.224646799147E-16,0.));
#3981=DIRECTION('center_axis',(-1.1904573652373E-16,-0.972082208573248,
0.23464053310406));
#3982=DIRECTION('ref_axis',(-2.87351777815973E-17,-0.23464053310406,-0.972082208573248));
#3983=DIRECTION('center_axis',(-1.1904573652373E-16,-0.972082208573248,
0.23464053310406));
#3984=DIRECTION('ref_axis',(-2.87351777815973E-17,-0.23464053310406,-0.972082208573248));
#3985=DIRECTION('',(-2.87351777815973E-17,-0.23464053310406,-0.972082208573248));
#3986=DIRECTION('center_axis',(-1.1904573652373E-16,-0.972082208573248,
0.23464053310406));
#3987=DIRECTION('ref_axis',(-2.87351777815973E-17,-0.23464053310406,-0.972082208573248));
#3988=DIRECTION('',(-2.87351777815973E-17,-0.23464053310406,-0.972082208573248));
#3989=DIRECTION('center_axis',(-1.1904573652373E-16,-0.972082208573248,
0.23464053310406));
#3990=DIRECTION('ref_axis',(-2.87351777815973E-17,-0.23464053310406,-0.972082208573248));
#3991=DIRECTION('',(-2.87351777815973E-17,-0.23464053310406,-0.972082208573248));
#3992=DIRECTION('center_axis',(-1.1904573652373E-16,-0.972082208573248,
0.23464053310406));
#3993=DIRECTION('ref_axis',(-2.87351777815973E-17,-0.23464053310406,-0.972082208573248));
#3994=DIRECTION('',(-2.87351777815973E-17,-0.23464053310406,-0.972082208573248));
#3995=DIRECTION('',(-1.,1.224646799147E-16,0.));
#3996=DIRECTION('',(-2.87351777815973E-17,-0.23464053310406,-0.972082208573248));
#3997=DIRECTION('center_axis',(1.,-1.224646799147E-16,0.));
#3998=DIRECTION('ref_axis',(1.35963107344631E-32,1.110223024625E-16,1.));
#3999=DIRECTION('',(1.359631073447E-32,1.110223024625E-16,1.));
#4000=DIRECTION('',(1.359631073447E-32,1.110223024625E-16,1.));
#4001=DIRECTION('',(-1.224646799147E-16,-1.,1.110223024625E-16));
#4002=DIRECTION('',(-1.359631073447E-32,-1.110223024625E-16,-1.));
#4003=DIRECTION('center_axis',(1.,-1.224646799147E-16,0.));
#4004=DIRECTION('ref_axis',(1.35963107344631E-32,1.110223024625E-16,1.));
#4005=DIRECTION('',(1.224646799147E-16,1.,-1.110223024625E-16));
#4006=DIRECTION('center_axis',(0.707106781186548,0.707106781186548,-7.85046229341398E-17));
#4007=DIRECTION('ref_axis',(2.68027818500483E-29,-1.11022302462473E-16,
-1.));
#4008=DIRECTION('',(1.359631073447E-32,1.110223024625E-16,1.));
#4009=DIRECTION('',(-0.707106781186548,0.707106781186548,-7.85046229341398E-17));
#4010=DIRECTION('center_axis',(1.,-1.224646799147E-16,6.435104022508E-33));
#4011=DIRECTION('ref_axis',(1.224646799147E-16,1.,-1.110223024625E-16));
#4012=DIRECTION('',(0.,0.,-1.));
#4013=DIRECTION('',(-1.224646799147E-16,-1.,1.110223024625E-16));
#4014=DIRECTION('',(4.33392824343998E-17,0.35389209741608,-0.935286257456212));
#4015=DIRECTION('center_axis',(-1.224646799147E-16,-1.,1.110223024625E-16));
#4016=DIRECTION('ref_axis',(-1.,1.224646799147E-16,0.));
#4017=DIRECTION('',(0.,0.,-1.));
#4018=DIRECTION('',(-1.,1.224646799147E-16,0.));
#4019=DIRECTION('center_axis',(1.,-1.224646799147E-16,6.435104022508E-33));
#4020=DIRECTION('ref_axis',(1.224646799147E-16,1.,-1.110223024625E-16));
#4021=DIRECTION('',(4.33392824343998E-17,0.35389209741608,-0.935286257456212));
#4022=DIRECTION('',(-1.224646799147E-16,-1.,1.110223024625E-16));
#4023=DIRECTION('center_axis',(1.,-1.224646799147E-16,6.435104022508E-33));
#4024=DIRECTION('ref_axis',(1.224646799147E-16,1.,-1.110223024625E-16));
#4025=DIRECTION('',(0.,0.,-1.));
#4026=DIRECTION('',(-1.224646799147E-16,-1.,1.110223024625E-16));
#4027=DIRECTION('',(4.33392824343998E-17,0.35389209741608,-0.935286257456212));
#4028=DIRECTION('center_axis',(-1.224646799147E-16,-1.,1.110223024625E-16));
#4029=DIRECTION('ref_axis',(-1.,1.224646799147E-16,0.));
#4030=DIRECTION('',(0.,0.,-1.));
#4031=DIRECTION('',(-1.,1.224646799147E-16,0.));
#4032=DIRECTION('center_axis',(1.,-1.224646799147E-16,6.435104022508E-33));
#4033=DIRECTION('ref_axis',(1.224646799147E-16,1.,-1.110223024625E-16));
#4034=DIRECTION('',(-7.16120671195507E-33,-1.110223024625E-16,-1.));
#4035=DIRECTION('',(4.33392824343998E-17,0.35389209741608,-0.935286257456212));
#4036=DIRECTION('',(-1.224646799147E-16,-1.,1.110223024625E-16));
#4037=DIRECTION('center_axis',(1.224646799147E-16,1.,-1.110223024625E-16));
#4038=DIRECTION('ref_axis',(0.,1.110223024625E-16,1.));
#4039=DIRECTION('',(7.16120671195507E-33,1.110223024625E-16,1.));
#4040=DIRECTION('',(-1.,1.224646799147E-16,0.));
#4041=DIRECTION('center_axis',(1.,-1.224646799147E-16,6.435104022508E-33));
#4042=DIRECTION('ref_axis',(1.224646799147E-16,1.,-1.110223024625E-16));
#4043=DIRECTION('',(0.,0.,-1.));
#4044=DIRECTION('',(-1.224646799147E-16,-1.,1.110223024625E-16));
#4045=DIRECTION('',(4.33392824343998E-17,0.35389209741608,-0.935286257456212));
#4046=DIRECTION('center_axis',(-1.224646799147E-16,-1.,1.110223024625E-16));
#4047=DIRECTION('ref_axis',(-1.,1.224646799147E-16,0.));
#4048=DIRECTION('',(2.07497435403411E-32,1.110223024625E-16,1.));
#4049=DIRECTION('',(-1.,1.224646799147E-16,0.));
#4050=DIRECTION('center_axis',(-1.,1.224646799147E-16,7.153432805878E-33));
#4051=DIRECTION('ref_axis',(-1.224646799147E-16,-1.,0.));
#4052=DIRECTION('',(-1.359631073447E-32,-1.110223024625E-16,-1.));
#4053=DIRECTION('',(-1.224646799147E-16,-1.,1.110223024625E-16));
#4054=DIRECTION('',(-1.359631073447E-32,-1.110223024625E-16,-1.));
#4055=DIRECTION('center_axis',(1.,-1.224646799147E-16,0.));
#4056=DIRECTION('ref_axis',(1.35963107344631E-32,1.110223024625E-16,1.));
#4057=DIRECTION('',(1.224646799147E-16,1.,-1.110223024625E-16));
#4058=DIRECTION('',(-1.359631073447E-32,-1.110223024625E-16,-1.));
#4059=DIRECTION('',(-1.224646799147E-16,-1.,1.110223024625E-16));
#4060=DIRECTION('center_axis',(-1.224646799147E-16,-1.,-3.166773487279E-31));
#4061=DIRECTION('ref_axis',(-3.878179014821E-47,-3.166773487279E-31,1.));
#4062=DIRECTION('',(-1.359631073447E-32,-1.110223024625E-16,-1.));
#4063=DIRECTION('',(-1.,1.224646799147E-16,0.));
#4064=DIRECTION('',(-1.,1.224646799147E-16,0.));
#4065=DIRECTION('center_axis',(-0.707106781186548,0.707106781186548,-7.85046229341398E-17));
#4066=DIRECTION('ref_axis',(2.68212707775144E-29,1.11022302462473E-16,1.));
#4067=DIRECTION('',(-1.359631073447E-32,-1.110223024625E-16,-1.));
#4068=DIRECTION('',(0.707106781186548,0.707106781186548,-7.85046229341398E-17));
#4069=DIRECTION('center_axis',(-1.,1.224646799147E-16,0.));
#4070=DIRECTION('ref_axis',(-1.35963107344631E-32,-1.110223024625E-16,-1.));
#4071=DIRECTION('',(-1.359631073447E-32,-1.110223024625E-16,-1.));
#4072=DIRECTION('',(1.224646799147E-16,1.,-1.110223024625E-16));
#4073=DIRECTION('center_axis',(1.,-1.224646799147E-16,0.));
#4074=DIRECTION('ref_axis',(1.35963107344631E-32,1.110223024625E-16,1.));
#4075=DIRECTION('',(1.359631073447E-32,1.110223024625E-16,1.));
#4076=DIRECTION('',(1.224646799147E-16,1.,-1.110223024625E-16));
#4077=DIRECTION('center_axis',(1.224646799147E-16,1.,-1.110223024625E-16));
#4078=DIRECTION('ref_axis',(0.,1.110223024625E-16,1.));
#4079=DIRECTION('',(-1.,1.224646799147E-16,0.));
#4080=DIRECTION('center_axis',(-1.359631073447E-32,-1.110223024625E-16,
-1.));
#4081=DIRECTION('ref_axis',(-1.,1.224646799147E-16,6.92712190079319E-45));
#4082=DIRECTION('',(-1.,1.224646799147E-16,0.));
#4083=DIRECTION('',(-1.,1.224646799147E-16,0.));
#4084=DIRECTION('',(-1.,1.224646799147E-16,0.));
#4085=DIRECTION('',(-1.,1.224646799147E-16,0.));
#4086=DIRECTION('',(-1.,1.224646799147E-16,0.));
#4087=DIRECTION('',(-1.,1.224646799147E-16,0.));
#4088=DIRECTION('',(-0.707106781186548,-0.707106781186548,7.85046229341398E-17));
#4089=DIRECTION('',(0.707106781186548,-0.707106781186548,7.85046229341398E-17));
#4090=DIRECTION('',(-1.224646799147E-16,-1.,1.110223024625E-16));
#4091=DIRECTION('center_axis',(1.359631073447E-32,1.110223024625E-16,1.));
#4092=DIRECTION('ref_axis',(-1.224646799147E-16,-1.,1.110223024625E-16));
#4093=DIRECTION('',(-1.,1.224646799147E-16,0.));
#4094=DIRECTION('',(1.224646799147E-16,1.,-1.110223024625E-16));
#4095=DIRECTION('',(-1.,1.224646799147E-16,0.));
#4096=DIRECTION('',(1.224646799147E-16,1.,-1.110223024625E-16));
#4097=DIRECTION('',(1.,-1.224646799147E-16,0.));
#4098=DIRECTION('center_axis',(-1.359631073447E-32,-1.110223024625E-16,
-1.));
#4099=DIRECTION('ref_axis',(-1.224646799147E-16,-1.,1.110223024625E-16));
#4100=DIRECTION('',(1.224646799147E-16,1.,-1.110223024625E-16));
#4101=DIRECTION('',(-0.707106781186548,-0.707106781186548,7.85046229341398E-17));
#4102=DIRECTION('',(0.707106781186548,-0.707106781186548,7.85046229341398E-17));
#4103=DIRECTION('',(-1.,1.224646799147E-16,0.));
#4104=DIRECTION('center_axis',(-1.14539532148026E-16,-0.935286257456212,
-0.35389209741608));
#4105=DIRECTION('ref_axis',(4.33392824343998E-17,0.35389209741608,-0.935286257456212));
#4106=DIRECTION('center_axis',(-1.14539532148026E-16,-0.935286257456212,
-0.35389209741608));
#4107=DIRECTION('ref_axis',(4.33392824343998E-17,0.35389209741608,-0.935286257456212));
#4108=DIRECTION('center_axis',(-1.14539532148026E-16,-0.935286257456212,
-0.35389209741608));
#4109=DIRECTION('ref_axis',(4.33392824343998E-17,0.35389209741608,-0.935286257456212));
#4110=DIRECTION('center_axis',(-1.14539532148026E-16,-0.935286257456212,
-0.35389209741608));
#4111=DIRECTION('ref_axis',(4.33392824343998E-17,0.35389209741608,-0.935286257456212));
#4112=DIRECTION('center_axis',(-1.14539532148026E-16,-0.935286257456212,
-0.35389209741608));
#4113=DIRECTION('ref_axis',(4.33392824343998E-17,0.35389209741608,-0.935286257456212));
#4114=DIRECTION('center_axis',(-0.707106781186548,-0.707106781186548,7.85046229341398E-17));
#4115=DIRECTION('ref_axis',(0.707106781186548,-0.707106781186548,7.85046229341398E-17));
#4116=DIRECTION('',(-1.359631073447E-32,-1.110223024625E-16,-1.));
#4117=DIRECTION('',(-0.707106781186548,0.707106781186548,-1.83206294240883E-17));
#4118=DIRECTION('',(-1.35963107344565E-32,-1.11022302462446E-16,-1.));
#4119=DIRECTION('center_axis',(-0.707106781186548,0.707106781186548,-7.85046229341398E-17));
#4120=DIRECTION('ref_axis',(-0.707106781186548,-0.707106781186548,7.85046229341398E-17));
#4121=DIRECTION('',(-1.359631073447E-32,-1.110223024625E-16,-1.));
#4122=DIRECTION('',(0.707106781186548,0.707106781186548,-1.83206294240883E-17));
#4123=DIRECTION('center_axis',(-1.,1.224646799147E-16,0.));
#4124=DIRECTION('ref_axis',(-1.224646799147E-16,-1.,1.110223024625E-16));
#4125=DIRECTION('',(1.224646799147E-16,1.,-2.590928260277E-17));
#4126=DIRECTION('',(1.359631073447E-32,1.110223024625E-16,1.));
#4127=DIRECTION('center_axis',(-2.332796533577E-32,-2.590928260277E-17,
-1.));
#4128=DIRECTION('ref_axis',(-1.224646799147E-16,-1.,2.590928260277E-17));
#4129=DIRECTION('',(-1.,1.224646799147E-16,0.));
#4130=DIRECTION('',(-1.,1.224646799147E-16,0.));
#4131=DIRECTION('',(-1.,1.224646799147E-16,0.));
#4132=DIRECTION('',(-1.,1.224646799147E-16,0.));
#4133=DIRECTION('',(-0.707106781186548,0.707106781186548,-1.83206294240883E-17));
#4134=DIRECTION('',(0.707106781186548,0.707106781186548,-1.83206294240883E-17));
#4135=DIRECTION('',(1.224646799147E-16,1.,-2.590928260277E-17));
#4136=DIRECTION('center_axis',(-1.359631073447E-32,-1.110223024625E-16,
-1.));
#4137=DIRECTION('ref_axis',(1.224646799147E-16,1.,-1.110223024625E-16));
#4138=DIRECTION('',(-1.,1.224646799147E-16,2.0154993335E-32));
#4139=DIRECTION('',(-1.224646799147E-16,-1.,2.590928260277E-17));
#4140=DIRECTION('',(-1.,1.224646799147E-16,0.));
#4141=DIRECTION('',(-1.224646799147E-16,-1.,2.590928260277E-17));
#4142=DIRECTION('',(1.,-1.224646799147E-16,-2.0154993335E-32));
#4143=DIRECTION('center_axis',(-1.359631073447E-32,-1.110223024625E-16,
-1.));
#4144=DIRECTION('ref_axis',(1.224646799147E-16,1.,-1.110223024625E-16));
#4145=DIRECTION('center_axis',(-1.224646799147E-16,-1.,1.110223024625E-16));
#4146=DIRECTION('ref_axis',(-1.,1.224646799147E-16,0.));
#4147=DIRECTION('center_axis',(1.,-1.224646799147E-16,0.));
#4148=DIRECTION('ref_axis',(1.35963107344631E-32,1.110223024625E-16,1.));
#4149=DIRECTION('',(-1.,1.224646799147E-16,0.));
#4150=DIRECTION('center_axis',(-1.224646799147E-16,-1.,1.110223024625E-16));
#4151=DIRECTION('ref_axis',(-1.359631073447E-32,-1.110223024625E-16,-1.));
#4152=DIRECTION('',(-1.,1.224646799147E-16,0.));
#4153=DIRECTION('center_axis',(1.359631073447E-32,1.110223024625E-16,1.));
#4154=DIRECTION('ref_axis',(-1.224646799147E-16,-1.,1.110223024625E-16));
#4155=DIRECTION('center_axis',(-1.359631073447E-32,-1.110223024625E-16,
-1.));
#4156=DIRECTION('ref_axis',(1.224646799147E-16,1.,-1.110223024625E-16));
#4157=DIRECTION('',(-1.359631073447E-32,-1.110223024625E-16,-1.));
#4158=DIRECTION('center_axis',(1.224646799147E-16,1.,-1.110223024625E-16));
#4159=DIRECTION('ref_axis',(-1.,1.224646799147E-16,0.));
#4160=DIRECTION('',(-1.359631073447E-32,-1.110223024625E-16,-1.));
#4161=DIRECTION('center_axis',(1.,-1.224646799147E-16,0.));
#4162=DIRECTION('ref_axis',(1.224646799147E-16,1.,-1.110223024625E-16));
#4163=DIRECTION('',(-1.359631073447E-32,-1.110223024625E-16,-1.));
#4164=DIRECTION('center_axis',(-1.224646799147E-16,-1.,1.110223024625E-16));
#4165=DIRECTION('ref_axis',(-1.,1.224646799147E-16,0.));
#4166=DIRECTION('',(-1.359631073447E-32,-1.110223024625E-16,-1.));
#4167=DIRECTION('center_axis',(1.,-1.224646799147E-16,0.));
#4168=DIRECTION('ref_axis',(1.224646799147E-16,1.,-1.110223024625E-16));
#4169=DIRECTION('',(-1.359631073447E-32,-1.110223024625E-16,-1.));
#4170=DIRECTION('center_axis',(-1.224646799147E-16,-1.,1.110223024625E-16));
#4171=DIRECTION('ref_axis',(1.,-1.224646799147E-16,0.));
#4172=DIRECTION('',(-1.359631073447E-32,-1.110223024625E-16,-1.));
#4173=DIRECTION('center_axis',(-1.359631073447E-32,-1.110223024625E-16,
-1.));
#4174=DIRECTION('ref_axis',(1.224646799147E-16,1.,-1.110223024625E-16));
#4175=DIRECTION('',(-1.359631073447E-32,-1.110223024625E-16,-1.));
#4176=DIRECTION('center_axis',(-0.707106781186548,0.707106781186548,-7.85046229341398E-17));
#4177=DIRECTION('ref_axis',(-0.707106781186548,-0.707106781186548,7.85046229341398E-17));
#4178=DIRECTION('',(-1.359631073447E-32,-1.110223024625E-16,-1.));
#4179=DIRECTION('',(-1.359631073447E-32,-1.110223024625E-16,-1.));
#4180=DIRECTION('center_axis',(-0.707106781186548,-0.707106781186548,7.85046229341398E-17));
#4181=DIRECTION('ref_axis',(0.707106781186548,-0.707106781186548,7.85046229341398E-17));
#4182=DIRECTION('',(-1.359631073447E-32,-1.110223024625E-16,-1.));
#4183=DIRECTION('center_axis',(-1.,1.224646799147E-16,0.));
#4184=DIRECTION('ref_axis',(0.,0.,1.));
#4185=DIRECTION('center_axis',(-1.224646799147E-16,-1.,1.110223024625E-16));
#4186=DIRECTION('ref_axis',(-1.359631073447E-32,-1.110223024625E-16,-1.));
#4187=DIRECTION('',(-1.,1.224646799147E-16,0.));
#4188=DIRECTION('',(-1.,1.224646799147E-16,0.));
#4189=DIRECTION('center_axis',(1.,-1.224646799147E-16,0.));
#4190=DIRECTION('ref_axis',(1.35963107344631E-32,1.110223024625E-16,1.));
#4191=DIRECTION('center_axis',(-1.224646799147E-16,-1.,1.110223024625E-16));
#4192=DIRECTION('ref_axis',(-1.,1.224646799147E-16,0.));
#4193=DIRECTION('center_axis',(1.359631073447E-32,1.110223024625E-16,1.));
#4194=DIRECTION('ref_axis',(-1.224646799147E-16,-1.,1.110223024625E-16));
#4195=DIRECTION('axis',(0.,0.,1.));
#4196=DIRECTION('refdir',(1.,0.,0.));
#4197=DIRECTION('center_axis',(0.,0.,1.));
#4198=DIRECTION('ref_axis',(-1.224646799147E-16,-1.,0.));
#4199=DIRECTION('',(-1.,1.224646799147E-16,0.));
#4200=DIRECTION('',(-1.224646799147E-16,-1.,0.));
#4201=DIRECTION('',(-1.,1.224646799147E-16,0.));
#4202=DIRECTION('',(-1.224646799147E-16,-1.,0.));
#4203=DIRECTION('center_axis',(8.48601883968457E-17,0.707106781186548,-0.707106781186548));
#4204=DIRECTION('ref_axis',(-1.,1.21237554625552E-16,1.22712528919644E-18));
#4205=DIRECTION('',(0.577350269189626,0.577350269189626,0.577350269189626));
#4206=DIRECTION('',(-0.577350269189626,0.577350269189626,0.577350269189626));
#4207=DIRECTION('',(-1.,1.224646799147E-16,0.));
#4208=DIRECTION('center_axis',(-8.48601883968457E-17,-0.707106781186548,
-0.707106781186548));
#4209=DIRECTION('ref_axis',(1.,-1.21237554625552E-16,1.22712528919644E-18));
#4210=DIRECTION('',(0.577350269189626,-0.577350269189626,0.577350269189626));
#4211=DIRECTION('',(-1.,1.224646799147E-16,0.));
#4212=DIRECTION('',(-0.577350269189626,-0.577350269189626,0.577350269189626));
#4213=DIRECTION('center_axis',(0.707106781186548,-8.48601883968457E-17,
-0.707106781186548));
#4214=DIRECTION('ref_axis',(1.21237554625552E-16,1.,1.22712528919644E-18));
#4215=DIRECTION('',(-1.224646799147E-16,-1.,0.));
#4216=DIRECTION('center_axis',(-1.,1.224646799147E-16,0.));
#4217=DIRECTION('ref_axis',(0.,0.,1.));
#4218=DIRECTION('center_axis',(-1.,1.224646799147E-16,0.));
#4219=DIRECTION('ref_axis',(0.,0.,1.));
#4220=DIRECTION('',(-1.,1.224646799147E-16,0.));
#4221=DIRECTION('center_axis',(-1.,1.224646799147E-16,0.));
#4222=DIRECTION('ref_axis',(0.,0.,1.));
#4223=DIRECTION('',(-1.,1.224646799147E-16,0.));
#4224=DIRECTION('center_axis',(-1.224646799147E-16,-1.,3.715605838772E-17));
#4225=DIRECTION('ref_axis',(-4.550304797346E-33,-3.715605838772E-17,-1.));
#4226=DIRECTION('',(-4.550304797346E-33,-3.715605838772E-17,-1.));
#4227=DIRECTION('',(-4.550304797346E-33,-3.715605838772E-17,-1.));
#4228=DIRECTION('center_axis',(0.707106781186548,-8.83310228501335E-17,
0.707106781186548));
#4229=DIRECTION('ref_axis',(1.23691805203849E-16,1.,1.22712528909727E-18));
#4230=DIRECTION('',(-1.224646799147E-16,-1.,0.));
#4231=DIRECTION('center_axis',(1.224646799147E-16,1.,0.));
#4232=DIRECTION('ref_axis',(0.,0.,1.));
#4233=DIRECTION('',(0.,0.,1.));
#4234=DIRECTION('',(-1.,1.224646799147E-16,0.));
#4235=DIRECTION('',(0.,0.,1.));
#4236=DIRECTION('center_axis',(-1.,1.224646799147E-16,0.));
#4237=DIRECTION('ref_axis',(0.,0.,1.));
#4238=DIRECTION('center_axis',(-1.,1.224646799147E-16,0.));
#4239=DIRECTION('ref_axis',(0.,0.,1.));
#4240=DIRECTION('',(-1.,1.224646799147E-16,0.));
#4241=DIRECTION('center_axis',(-1.,1.224646799147E-16,0.));
#4242=DIRECTION('ref_axis',(0.,0.,1.));
#4243=DIRECTION('center_axis',(0.,0.,-1.));
#4244=DIRECTION('ref_axis',(1.224646799147E-16,1.,0.));
#4245=DIRECTION('',(1.224646799147E-16,1.,0.));
#4246=DIRECTION('',(-1.,1.224646799147E-16,0.));
#4247=DIRECTION('',(-1.224646799147E-16,-1.,0.));
#4248=DIRECTION('center_axis',(-1.,1.224646799147E-16,0.));
#4249=DIRECTION('ref_axis',(0.,0.,1.));
#4250=DIRECTION('',(-1.224646799147E-16,-1.,0.));
#4251=DIRECTION('',(0.,0.,1.));
#4252=DIRECTION('center_axis',(0.707106781186548,0.707106781186548,1.73541722664389E-18));
#4253=DIRECTION('ref_axis',(-1.22712528914785E-18,-1.22712528914785E-18,
1.));
#4254=DIRECTION('',(0.577350269189626,-0.577350269189626,0.577350269189626));
#4255=DIRECTION('',(0.,0.,1.));
#4256=DIRECTION('',(0.577350269189626,-0.577350269189626,-0.577350269189626));
#4257=DIRECTION('center_axis',(-8.65956056234946E-17,-0.707106781186548,
-0.707106781186548));
#4258=DIRECTION('ref_axis',(1.,-1.22464679914679E-16,2.10403994564417E-29));
#4259=DIRECTION('',(-0.577350269189626,-0.577350269189626,0.577350269189626));
#4260=DIRECTION('',(-1.,1.224646799147E-16,0.));
#4261=DIRECTION('',(-1.,1.224646799147E-16,0.));
#4262=DIRECTION('center_axis',(0.707106781186548,-0.707106781186548,-1.73541722664389E-18));
#4263=DIRECTION('ref_axis',(1.22712528914785E-18,-1.22712528914785E-18,
1.));
#4264=DIRECTION('',(0.,0.,1.));
#4265=DIRECTION('',(-0.577350269189626,-0.577350269189626,-0.577350269189626));
#4266=DIRECTION('',(0.,0.,1.));
#4267=DIRECTION('center_axis',(-8.65956056234946E-17,-0.707106781186548,
0.707106781186548));
#4268=DIRECTION('ref_axis',(-1.,1.22464679914679E-16,2.10403994564417E-29));
#4269=DIRECTION('',(-1.,1.224646799147E-16,0.));
#4270=DIRECTION('center_axis',(1.224646799147E-16,1.,0.));
#4271=DIRECTION('ref_axis',(0.,0.,1.));
#4272=DIRECTION('center_axis',(-1.,1.224646799147E-16,0.));
#4273=DIRECTION('ref_axis',(0.,0.,1.));
#4274=DIRECTION('',(-1.224646799147E-16,-1.,0.));
#4275=DIRECTION('center_axis',(0.,0.,1.));
#4276=DIRECTION('ref_axis',(-1.224646799147E-16,-1.,0.));
#4277=DIRECTION('axis',(0.,0.,1.));
#4278=DIRECTION('refdir',(1.,0.,0.));
#4279=DIRECTION('center_axis',(1.224646799147E-16,1.,0.));
#4280=DIRECTION('ref_axis',(0.,0.,1.));
#4281=DIRECTION('',(-1.,1.224646799147E-16,0.));
#4282=DIRECTION('',(0.,0.,1.));
#4283=DIRECTION('',(-1.,1.224646799147E-16,0.));
#4284=DIRECTION('',(0.,0.,1.));
#4285=DIRECTION('center_axis',(-8.65956056234946E-17,-0.707106781186548,
0.707106781186548));
#4286=DIRECTION('ref_axis',(-1.,1.22464679914679E-16,2.10403994564417E-29));
#4287=DIRECTION('',(-0.577350269189626,-0.577350269189626,-0.577350269189626));
#4288=DIRECTION('',(-1.,1.224646799147E-16,0.));
#4289=DIRECTION('',(0.577350269189626,-0.577350269189626,-0.577350269189626));
#4290=DIRECTION('center_axis',(0.707106781186548,-0.707106781186548,-1.73541722664389E-18));
#4291=DIRECTION('ref_axis',(1.22712528914785E-18,-1.22712528914785E-18,
1.));
#4292=DIRECTION('',(-0.577350269189626,-0.577350269189626,0.577350269189626));
#4293=DIRECTION('',(0.,0.,1.));
#4294=DIRECTION('center_axis',(-8.65956056234946E-17,-0.707106781186548,
-0.707106781186548));
#4295=DIRECTION('ref_axis',(1.,-1.22464679914679E-16,2.10403994564417E-29));
#4296=DIRECTION('',(0.577350269189626,-0.577350269189626,0.577350269189626));
#4297=DIRECTION('',(-1.,1.224646799147E-16,0.));
#4298=DIRECTION('center_axis',(0.707106781186548,0.707106781186548,1.73541722664389E-18));
#4299=DIRECTION('ref_axis',(-1.22712528914785E-18,-1.22712528914785E-18,
1.));
#4300=DIRECTION('',(0.,0.,1.));
#4301=DIRECTION('center_axis',(0.,0.,1.));
#4302=DIRECTION('ref_axis',(-1.224646799147E-16,-1.,0.));
#4303=DIRECTION('',(-1.224646799147E-16,-1.,0.));
#4304=DIRECTION('',(-1.,1.224646799147E-16,0.));
#4305=DIRECTION('',(1.224646799147E-16,1.,0.));
#4306=DIRECTION('center_axis',(-1.,1.224646799147E-16,0.));
#4307=DIRECTION('ref_axis',(0.,0.,1.));
#4308=DIRECTION('',(1.224646799147E-16,1.,0.));
#4309=DIRECTION('center_axis',(-1.,1.224646799147E-16,0.));
#4310=DIRECTION('ref_axis',(0.,0.,1.));
#4311=DIRECTION('',(-4.550304797346E-33,-3.715605838772E-17,-1.));
#4312=DIRECTION('',(-1.224646799147E-16,-1.,0.));
#4313=DIRECTION('',(0.,0.,1.));
#4314=DIRECTION('center_axis',(-1.,1.224646799147E-16,0.));
#4315=DIRECTION('ref_axis',(0.,0.,1.));
#4316=DIRECTION('center_axis',(0.,0.,1.));
#4317=DIRECTION('ref_axis',(-1.224646799147E-16,-1.,0.));
#4318=DIRECTION('',(-1.,1.224646799147E-16,0.));
#4319=DIRECTION('',(-1.224646799147E-16,-1.,0.));
#4320=DIRECTION('',(-1.,1.224646799147E-16,0.));
#4321=DIRECTION('',(-1.224646799147E-16,-1.,0.));
#4322=DIRECTION('center_axis',(8.48601883968457E-17,0.707106781186548,-0.707106781186548));
#4323=DIRECTION('ref_axis',(-1.,1.21237554625552E-16,1.22712528919644E-18));
#4324=DIRECTION('',(0.577350269189626,0.577350269189626,0.577350269189626));
#4325=DIRECTION('',(-0.577350269189626,0.577350269189626,0.577350269189626));
#4326=DIRECTION('',(-1.,1.224646799147E-16,0.));
#4327=DIRECTION('center_axis',(-8.48601883968457E-17,-0.707106781186548,
-0.707106781186548));
#4328=DIRECTION('ref_axis',(1.,-1.21237554625552E-16,1.22712528919644E-18));
#4329=DIRECTION('',(0.577350269189626,-0.577350269189626,0.577350269189626));
#4330=DIRECTION('',(-1.,1.224646799147E-16,0.));
#4331=DIRECTION('',(-0.577350269189626,-0.577350269189626,0.577350269189626));
#4332=DIRECTION('center_axis',(0.707106781186548,-8.48601883968457E-17,
-0.707106781186548));
#4333=DIRECTION('ref_axis',(1.21237554625552E-16,1.,1.22712528919644E-18));
#4334=DIRECTION('',(-1.224646799147E-16,-1.,0.));
#4335=DIRECTION('center_axis',(-1.,1.224646799147E-16,0.));
#4336=DIRECTION('ref_axis',(0.,0.,1.));
#4337=DIRECTION('center_axis',(-1.,1.224646799147E-16,0.));
#4338=DIRECTION('ref_axis',(0.,0.,1.));
#4339=DIRECTION('',(-1.,1.224646799147E-16,0.));
#4340=DIRECTION('',(-1.,1.224646799147E-16,0.));
#4341=DIRECTION('center_axis',(-1.224646799147E-16,-1.,3.715605838772E-17));
#4342=DIRECTION('ref_axis',(-4.550304797346E-33,-3.715605838772E-17,-1.));
#4343=DIRECTION('',(-4.550304797346E-33,-3.715605838772E-17,-1.));
#4344=DIRECTION('center_axis',(0.707106781186548,-8.83310228501335E-17,
0.707106781186548));
#4345=DIRECTION('ref_axis',(1.23691805203849E-16,1.,1.22712528909727E-18));
#4346=DIRECTION('center_axis',(1.224646799147E-16,1.,0.));
#4347=DIRECTION('ref_axis',(0.,0.,1.));
#4348=DIRECTION('',(0.,0.,1.));
#4349=DIRECTION('',(-1.,1.224646799147E-16,0.));
#4350=DIRECTION('center_axis',(-1.,1.224646799147E-16,0.));
#4351=DIRECTION('ref_axis',(0.,0.,1.));
#4352=DIRECTION('center_axis',(-1.,1.224646799147E-16,0.));
#4353=DIRECTION('ref_axis',(0.,0.,1.));
#4354=DIRECTION('center_axis',(0.,0.,-1.));
#4355=DIRECTION('ref_axis',(1.224646799147E-16,1.,0.));
#4356=DIRECTION('',(-1.224646799147E-16,-1.,0.));
#4357=DIRECTION('center_axis',(-1.,1.224646799147E-16,0.));
#4358=DIRECTION('ref_axis',(0.,0.,1.));
#4359=DIRECTION('axis',(0.,0.,1.));
#4360=DIRECTION('refdir',(1.,0.,0.));
#4361=DIRECTION('center_axis',(1.224646799147E-16,1.,0.));
#4362=DIRECTION('ref_axis',(0.,0.,1.));
#4363=DIRECTION('',(-1.,1.224646799147E-16,0.));
#4364=DIRECTION('',(0.,0.,1.));
#4365=DIRECTION('',(-1.,1.224646799147E-16,0.));
#4366=DIRECTION('',(0.,0.,1.));
#4367=DIRECTION('center_axis',(-8.65956056234946E-17,-0.707106781186548,
-0.707106781186548));
#4368=DIRECTION('ref_axis',(1.,-1.22464679914679E-16,2.10403994564417E-29));
#4369=DIRECTION('',(-0.577350269189626,-0.577350269189626,0.577350269189626));
#4370=DIRECTION('',(0.577350269189626,-0.577350269189626,0.577350269189626));
#4371=DIRECTION('',(-1.,1.224646799147E-16,0.));
#4372=DIRECTION('center_axis',(0.707106781186548,0.707106781186548,1.73541722664389E-18));
#4373=DIRECTION('ref_axis',(-1.22712528914785E-18,-1.22712528914785E-18,
1.));
#4374=DIRECTION('',(0.577350269189626,-0.577350269189626,-0.577350269189626));
#4375=DIRECTION('',(0.,0.,1.));
#4376=DIRECTION('center_axis',(-8.65956056234946E-17,-0.707106781186548,
0.707106781186548));
#4377=DIRECTION('ref_axis',(-1.,1.22464679914679E-16,2.10403994564417E-29));
#4378=DIRECTION('',(-0.577350269189626,-0.577350269189626,-0.577350269189626));
#4379=DIRECTION('',(-1.,1.224646799147E-16,0.));
#4380=DIRECTION('center_axis',(0.707106781186548,-0.707106781186548,-1.73541722664389E-18));
#4381=DIRECTION('ref_axis',(1.22712528914785E-18,-1.22712528914785E-18,
1.));
#4382=DIRECTION('',(0.,0.,1.));
#4383=DIRECTION('center_axis',(0.,0.,1.));
#4384=DIRECTION('ref_axis',(-1.224646799147E-16,-1.,0.));
#4385=DIRECTION('',(-1.224646799147E-16,-1.,0.));
#4386=DIRECTION('',(-1.,1.224646799147E-16,0.));
#4387=DIRECTION('',(-1.224646799147E-16,-1.,0.));
#4388=DIRECTION('center_axis',(-1.,1.224646799147E-16,0.));
#4389=DIRECTION('ref_axis',(0.,0.,1.));
#4390=DIRECTION('',(1.224646799147E-16,1.,0.));
#4391=DIRECTION('center_axis',(-1.,1.224646799147E-16,0.));
#4392=DIRECTION('ref_axis',(0.,0.,1.));
#4393=DIRECTION('',(-4.550304797346E-33,-3.715605838772E-17,-1.));
#4394=DIRECTION('',(-1.224646799147E-16,-1.,0.));
#4395=DIRECTION('',(0.,0.,1.));
#4396=DIRECTION('center_axis',(-1.,1.224646799147E-16,0.));
#4397=DIRECTION('ref_axis',(0.,0.,1.));
#4398=DIRECTION('center_axis',(0.,0.,1.));
#4399=DIRECTION('ref_axis',(-1.224646799147E-16,-1.,0.));
#4400=DIRECTION('',(-1.,1.224646799147E-16,0.));
#4401=DIRECTION('',(-1.224646799147E-16,-1.,0.));
#4402=DIRECTION('',(-1.,1.224646799147E-16,0.));
#4403=DIRECTION('',(-1.224646799147E-16,-1.,0.));
#4404=DIRECTION('center_axis',(8.48601883968457E-17,0.707106781186548,-0.707106781186548));
#4405=DIRECTION('ref_axis',(-1.,1.21237554625552E-16,1.22712528919644E-18));
#4406=DIRECTION('',(0.577350269189626,0.577350269189626,0.577350269189626));
#4407=DIRECTION('',(-0.577350269189626,0.577350269189626,0.577350269189626));
#4408=DIRECTION('',(-1.,1.224646799147E-16,0.));
#4409=DIRECTION('center_axis',(-8.48601883968457E-17,-0.707106781186548,
-0.707106781186548));
#4410=DIRECTION('ref_axis',(1.,-1.21237554625552E-16,1.22712528919644E-18));
#4411=DIRECTION('',(0.577350269189626,-0.577350269189626,0.577350269189626));
#4412=DIRECTION('',(-1.,1.224646799147E-16,0.));
#4413=DIRECTION('',(-0.577350269189626,-0.577350269189626,0.577350269189626));
#4414=DIRECTION('center_axis',(0.707106781186548,-8.83310228501335E-17,
0.707106781186548));
#4415=DIRECTION('ref_axis',(1.23691805203849E-16,1.,1.22712528909727E-18));
#4416=DIRECTION('center_axis',(-1.,1.224646799147E-16,0.));
#4417=DIRECTION('ref_axis',(0.,0.,1.));
#4418=DIRECTION('center_axis',(-1.,1.224646799147E-16,0.));
#4419=DIRECTION('ref_axis',(0.,0.,1.));
#4420=DIRECTION('',(-1.,1.224646799147E-16,0.));
#4421=DIRECTION('',(-1.,1.224646799147E-16,0.));
#4422=DIRECTION('center_axis',(-1.224646799147E-16,-1.,3.715605838772E-17));
#4423=DIRECTION('ref_axis',(-4.550304797346E-33,-3.715605838772E-17,-1.));
#4424=DIRECTION('',(-4.550304797346E-33,-3.715605838772E-17,-1.));
#4425=DIRECTION('center_axis',(0.707106781186548,-8.48601883968457E-17,
-0.707106781186548));
#4426=DIRECTION('ref_axis',(1.21237554625552E-16,1.,1.22712528919644E-18));
#4427=DIRECTION('',(-1.224646799147E-16,-1.,0.));
#4428=DIRECTION('center_axis',(1.224646799147E-16,1.,0.));
#4429=DIRECTION('ref_axis',(0.,0.,1.));
#4430=DIRECTION('',(0.,0.,1.));
#4431=DIRECTION('',(-1.,1.224646799147E-16,0.));
#4432=DIRECTION('center_axis',(-1.,1.224646799147E-16,0.));
#4433=DIRECTION('ref_axis',(0.,0.,1.));
#4434=DIRECTION('center_axis',(-1.,1.224646799147E-16,0.));
#4435=DIRECTION('ref_axis',(0.,0.,1.));
#4436=DIRECTION('center_axis',(0.,0.,-1.));
#4437=DIRECTION('ref_axis',(1.224646799147E-16,1.,0.));
#4438=DIRECTION('',(-1.224646799147E-16,-1.,0.));
#4439=DIRECTION('center_axis',(-1.,1.224646799147E-16,0.));
#4440=DIRECTION('ref_axis',(0.,0.,1.));
#4441=DIRECTION('axis',(0.,0.,1.));
#4442=DIRECTION('refdir',(1.,0.,0.));
#4443=DIRECTION('center_axis',(0.,0.,1.));
#4444=DIRECTION('ref_axis',(-1.224646799147E-16,-1.,0.));
#4445=DIRECTION('',(-1.,1.224646799147E-16,0.));
#4446=DIRECTION('',(-1.224646799147E-16,-1.,0.));
#4447=DIRECTION('',(-1.,1.224646799147E-16,0.));
#4448=DIRECTION('',(-1.224646799147E-16,-1.,0.));
#4449=DIRECTION('center_axis',(8.48601883968457E-17,0.707106781186548,-0.707106781186548));
#4450=DIRECTION('ref_axis',(-1.,1.21237554625552E-16,1.22712528919644E-18));
#4451=DIRECTION('',(0.577350269189626,0.577350269189626,0.577350269189626));
#4452=DIRECTION('',(-0.577350269189626,0.577350269189626,0.577350269189626));
#4453=DIRECTION('',(-1.,1.224646799147E-16,0.));
#4454=DIRECTION('center_axis',(-8.48601883968457E-17,-0.707106781186548,
-0.707106781186548));
#4455=DIRECTION('ref_axis',(1.,-1.21237554625552E-16,1.22712528919644E-18));
#4456=DIRECTION('',(0.577350269189626,-0.577350269189626,0.577350269189626));
#4457=DIRECTION('',(-1.,1.224646799147E-16,0.));
#4458=DIRECTION('',(-0.577350269189626,-0.577350269189626,0.577350269189626));
#4459=DIRECTION('center_axis',(0.707106781186548,-8.48601883968457E-17,
-0.707106781186548));
#4460=DIRECTION('ref_axis',(1.21237554625552E-16,1.,1.22712528919644E-18));
#4461=DIRECTION('',(-1.224646799147E-16,-1.,0.));
#4462=DIRECTION('center_axis',(-1.,1.224646799147E-16,0.));
#4463=DIRECTION('ref_axis',(0.,0.,1.));
#4464=DIRECTION('center_axis',(-1.,1.224646799147E-16,0.));
#4465=DIRECTION('ref_axis',(0.,0.,1.));
#4466=DIRECTION('',(-1.,1.224646799147E-16,0.));
#4467=DIRECTION('center_axis',(-1.,1.224646799147E-16,0.));
#4468=DIRECTION('ref_axis',(0.,0.,1.));
#4469=DIRECTION('',(-1.,1.224646799147E-16,0.));
#4470=DIRECTION('center_axis',(-1.224646799147E-16,-1.,3.715605838772E-17));
#4471=DIRECTION('ref_axis',(-4.550304797346E-33,-3.715605838772E-17,-1.));
#4472=DIRECTION('',(-4.550304797346E-33,-3.715605838772E-17,-1.));
#4473=DIRECTION('',(-4.550304797346E-33,-3.715605838772E-17,-1.));
#4474=DIRECTION('center_axis',(0.707106781186548,-8.83310228501335E-17,
0.707106781186548));
#4475=DIRECTION('ref_axis',(1.23691805203849E-16,1.,1.22712528909727E-18));
#4476=DIRECTION('',(-1.224646799147E-16,-1.,0.));
#4477=DIRECTION('center_axis',(1.224646799147E-16,1.,0.));
#4478=DIRECTION('ref_axis',(0.,0.,1.));
#4479=DIRECTION('',(0.,0.,1.));
#4480=DIRECTION('',(-1.,1.224646799147E-16,0.));
#4481=DIRECTION('',(0.,0.,1.));
#4482=DIRECTION('center_axis',(-1.,1.224646799147E-16,0.));
#4483=DIRECTION('ref_axis',(0.,0.,1.));
#4484=DIRECTION('center_axis',(-1.,1.224646799147E-16,0.));
#4485=DIRECTION('ref_axis',(0.,0.,1.));
#4486=DIRECTION('',(-1.,1.224646799147E-16,0.));
#4487=DIRECTION('center_axis',(-1.,1.224646799147E-16,0.));
#4488=DIRECTION('ref_axis',(0.,0.,1.));
#4489=DIRECTION('center_axis',(0.,0.,-1.));
#4490=DIRECTION('ref_axis',(1.224646799147E-16,1.,0.));
#4491=DIRECTION('',(1.224646799147E-16,1.,0.));
#4492=DIRECTION('',(-1.,1.224646799147E-16,0.));
#4493=DIRECTION('',(-1.224646799147E-16,-1.,0.));
#4494=DIRECTION('center_axis',(-1.,1.224646799147E-16,0.));
#4495=DIRECTION('ref_axis',(0.,0.,1.));
#4496=DIRECTION('',(-1.224646799147E-16,-1.,0.));
#4497=DIRECTION('',(0.,0.,1.));
#4498=DIRECTION('center_axis',(0.707106781186548,0.707106781186548,1.73541722664389E-18));
#4499=DIRECTION('ref_axis',(-1.22712528914785E-18,-1.22712528914785E-18,
1.));
#4500=DIRECTION('',(0.577350269189626,-0.577350269189626,0.577350269189626));
#4501=DIRECTION('',(0.,0.,1.));
#4502=DIRECTION('',(0.577350269189626,-0.577350269189626,-0.577350269189626));
#4503=DIRECTION('center_axis',(-8.65956056234946E-17,-0.707106781186548,
-0.707106781186548));
#4504=DIRECTION('ref_axis',(1.,-1.22464679914679E-16,2.10403994564417E-29));
#4505=DIRECTION('',(-0.577350269189626,-0.577350269189626,0.577350269189626));
#4506=DIRECTION('',(-1.,1.224646799147E-16,0.));
#4507=DIRECTION('',(-1.,1.224646799147E-16,0.));
#4508=DIRECTION('center_axis',(0.707106781186548,-0.707106781186548,-1.73541722664389E-18));
#4509=DIRECTION('ref_axis',(1.22712528914785E-18,-1.22712528914785E-18,
1.));
#4510=DIRECTION('',(0.,0.,1.));
#4511=DIRECTION('',(-0.577350269189626,-0.577350269189626,-0.577350269189626));
#4512=DIRECTION('',(0.,0.,1.));
#4513=DIRECTION('center_axis',(-8.65956056234946E-17,-0.707106781186548,
0.707106781186548));
#4514=DIRECTION('ref_axis',(-1.,1.22464679914679E-16,2.10403994564417E-29));
#4515=DIRECTION('',(-1.,1.224646799147E-16,0.));
#4516=DIRECTION('center_axis',(1.224646799147E-16,1.,0.));
#4517=DIRECTION('ref_axis',(0.,0.,1.));
#4518=DIRECTION('center_axis',(-1.,1.224646799147E-16,0.));
#4519=DIRECTION('ref_axis',(0.,0.,1.));
#4520=DIRECTION('',(-1.224646799147E-16,-1.,0.));
#4521=DIRECTION('center_axis',(0.,0.,1.));
#4522=DIRECTION('ref_axis',(-1.224646799147E-16,-1.,0.));
#4523=DIRECTION('axis',(0.,0.,1.));
#4524=DIRECTION('refdir',(1.,0.,0.));
#4525=DIRECTION('center_axis',(0.,0.,1.));
#4526=DIRECTION('ref_axis',(-1.224646799147E-16,-1.,0.));
#4527=DIRECTION('',(-1.,1.224646799147E-16,0.));
#4528=DIRECTION('',(-1.224646799147E-16,-1.,0.));
#4529=DIRECTION('',(-1.,1.224646799147E-16,0.));
#4530=DIRECTION('',(-1.224646799147E-16,-1.,0.));
#4531=DIRECTION('center_axis',(8.48601883968457E-17,0.707106781186548,-0.707106781186548));
#4532=DIRECTION('ref_axis',(-1.,1.21237554625552E-16,1.22712528919644E-18));
#4533=DIRECTION('',(0.577350269189626,0.577350269189626,0.577350269189626));
#4534=DIRECTION('',(-0.577350269189626,0.577350269189626,0.577350269189626));
#4535=DIRECTION('',(-1.,1.224646799147E-16,0.));
#4536=DIRECTION('center_axis',(-8.48601883968457E-17,-0.707106781186548,
-0.707106781186548));
#4537=DIRECTION('ref_axis',(1.,-1.21237554625552E-16,1.22712528919644E-18));
#4538=DIRECTION('',(0.577350269189626,-0.577350269189626,0.577350269189626));
#4539=DIRECTION('',(-1.,1.224646799147E-16,0.));
#4540=DIRECTION('',(-0.577350269189626,-0.577350269189626,0.577350269189626));
#4541=DIRECTION('center_axis',(0.707106781186548,-8.48601883968457E-17,
-0.707106781186548));
#4542=DIRECTION('ref_axis',(1.21237554625552E-16,1.,1.22712528919644E-18));
#4543=DIRECTION('',(-1.224646799147E-16,-1.,0.));
#4544=DIRECTION('center_axis',(-1.,1.224646799147E-16,0.));
#4545=DIRECTION('ref_axis',(0.,0.,1.));
#4546=DIRECTION('center_axis',(-1.,1.224646799147E-16,0.));
#4547=DIRECTION('ref_axis',(0.,0.,1.));
#4548=DIRECTION('',(-1.,1.224646799147E-16,0.));
#4549=DIRECTION('center_axis',(-1.,1.224646799147E-16,0.));
#4550=DIRECTION('ref_axis',(0.,0.,1.));
#4551=DIRECTION('',(-1.,1.224646799147E-16,0.));
#4552=DIRECTION('center_axis',(-1.224646799147E-16,-1.,3.715605838772E-17));
#4553=DIRECTION('ref_axis',(-4.550304797346E-33,-3.715605838772E-17,-1.));
#4554=DIRECTION('',(-4.550304797346E-33,-3.715605838772E-17,-1.));
#4555=DIRECTION('',(-4.550304797346E-33,-3.715605838772E-17,-1.));
#4556=DIRECTION('center_axis',(0.707106781186548,-8.83310228501335E-17,
0.707106781186548));
#4557=DIRECTION('ref_axis',(1.23691805203849E-16,1.,1.22712528909727E-18));
#4558=DIRECTION('',(-1.224646799147E-16,-1.,0.));
#4559=DIRECTION('center_axis',(1.224646799147E-16,1.,0.));
#4560=DIRECTION('ref_axis',(0.,0.,1.));
#4561=DIRECTION('',(0.,0.,1.));
#4562=DIRECTION('',(-1.,1.224646799147E-16,0.));
#4563=DIRECTION('',(0.,0.,1.));
#4564=DIRECTION('center_axis',(-1.,1.224646799147E-16,0.));
#4565=DIRECTION('ref_axis',(0.,0.,1.));
#4566=DIRECTION('center_axis',(-1.,1.224646799147E-16,0.));
#4567=DIRECTION('ref_axis',(0.,0.,1.));
#4568=DIRECTION('',(-1.,1.224646799147E-16,0.));
#4569=DIRECTION('center_axis',(-1.,1.224646799147E-16,0.));
#4570=DIRECTION('ref_axis',(0.,0.,1.));
#4571=DIRECTION('center_axis',(0.,0.,-1.));
#4572=DIRECTION('ref_axis',(1.224646799147E-16,1.,0.));
#4573=DIRECTION('',(1.224646799147E-16,1.,0.));
#4574=DIRECTION('',(-1.,1.224646799147E-16,0.));
#4575=DIRECTION('',(-1.224646799147E-16,-1.,0.));
#4576=DIRECTION('center_axis',(-1.,1.224646799147E-16,0.));
#4577=DIRECTION('ref_axis',(0.,0.,1.));
#4578=DIRECTION('',(-1.224646799147E-16,-1.,0.));
#4579=DIRECTION('',(0.,0.,1.));
#4580=DIRECTION('center_axis',(0.707106781186548,0.707106781186548,1.73541722664389E-18));
#4581=DIRECTION('ref_axis',(-1.22712528914785E-18,-1.22712528914785E-18,
1.));
#4582=DIRECTION('',(0.577350269189626,-0.577350269189626,0.577350269189626));
#4583=DIRECTION('',(0.,0.,1.));
#4584=DIRECTION('',(0.577350269189626,-0.577350269189626,-0.577350269189626));
#4585=DIRECTION('center_axis',(-8.65956056234946E-17,-0.707106781186548,
-0.707106781186548));
#4586=DIRECTION('ref_axis',(1.,-1.22464679914679E-16,2.10403994564417E-29));
#4587=DIRECTION('',(-0.577350269189626,-0.577350269189626,0.577350269189626));
#4588=DIRECTION('',(-1.,1.224646799147E-16,0.));
#4589=DIRECTION('',(-1.,1.224646799147E-16,0.));
#4590=DIRECTION('center_axis',(0.707106781186548,-0.707106781186548,-1.73541722664389E-18));
#4591=DIRECTION('ref_axis',(1.22712528914785E-18,-1.22712528914785E-18,
1.));
#4592=DIRECTION('',(0.,0.,1.));
#4593=DIRECTION('',(-0.577350269189626,-0.577350269189626,-0.577350269189626));
#4594=DIRECTION('',(0.,0.,1.));
#4595=DIRECTION('center_axis',(-8.65956056234946E-17,-0.707106781186548,
0.707106781186548));
#4596=DIRECTION('ref_axis',(-1.,1.22464679914679E-16,2.10403994564417E-29));
#4597=DIRECTION('',(-1.,1.224646799147E-16,0.));
#4598=DIRECTION('center_axis',(1.224646799147E-16,1.,0.));
#4599=DIRECTION('ref_axis',(0.,0.,1.));
#4600=DIRECTION('center_axis',(-1.,1.224646799147E-16,0.));
#4601=DIRECTION('ref_axis',(0.,0.,1.));
#4602=DIRECTION('',(-1.224646799147E-16,-1.,0.));
#4603=DIRECTION('center_axis',(0.,0.,1.));
#4604=DIRECTION('ref_axis',(-1.224646799147E-16,-1.,0.));
#4605=DIRECTION('',(0.,0.,1.));
#4606=DIRECTION('',(1.,0.,0.));
#4607=DIRECTION('',(0.,0.,1.));
#4608=DIRECTION('',(1.,0.,0.));
#4609=DIRECTION('',(0.,0.,1.));
#4610=DIRECTION('',(1.,0.,0.));
#4611=DIRECTION('',(0.,0.,1.));
#4612=DIRECTION('',(1.,0.,0.));
#4613=DIRECTION('',(0.,0.,1.));
#4614=DIRECTION('',(1.,0.,0.));
#4615=DIRECTION('',(0.,0.,1.));
#4616=DIRECTION('',(1.,0.,0.));
#4617=DIRECTION('',(0.,0.,1.));
#4618=DIRECTION('',(1.,0.,0.));
#4619=CARTESIAN_POINT('',(0.,0.,0.));
#4620=CARTESIAN_POINT('',(0.,0.,0.));
#4621=CARTESIAN_POINT('',(0.,0.,0.));
#4622=CARTESIAN_POINT('Origin',(9.25,-1.6,0.35));
#4623=CARTESIAN_POINT('',(10.75,-1.6,0.35));
#4624=CARTESIAN_POINT('',(9.25,-1.6,0.35));
#4625=CARTESIAN_POINT('',(10.75,-1.6,0.35));
#4626=CARTESIAN_POINT('',(10.75,-1.6,0.));
#4627=CARTESIAN_POINT('',(10.75,-1.6,0.35));
#4628=CARTESIAN_POINT('',(9.25,-1.6,0.));
#4629=CARTESIAN_POINT('',(10.75,-1.6,0.));
#4630=CARTESIAN_POINT('',(9.25,-1.6,0.35));
#4631=CARTESIAN_POINT('Origin',(6.75,-1.6,0.35));
#4632=CARTESIAN_POINT('',(8.25,-1.6,0.35));
#4633=CARTESIAN_POINT('',(6.75,-1.6,0.35));
#4634=CARTESIAN_POINT('',(8.25,-1.6,0.35));
#4635=CARTESIAN_POINT('',(8.25,-1.6,0.));
#4636=CARTESIAN_POINT('',(8.25,-1.6,0.35));
#4637=CARTESIAN_POINT('',(6.75,-1.6,0.));
#4638=CARTESIAN_POINT('',(8.25,-1.6,0.));
#4639=CARTESIAN_POINT('',(6.75,-1.6,0.35));
#4640=CARTESIAN_POINT('Origin',(4.25,-1.6,0.35));
#4641=CARTESIAN_POINT('',(5.75,-1.6,0.35));
#4642=CARTESIAN_POINT('',(4.25,-1.6,0.35));
#4643=CARTESIAN_POINT('',(5.75,-1.6,0.35));
#4644=CARTESIAN_POINT('',(5.75,-1.6,0.));
#4645=CARTESIAN_POINT('',(5.75,-1.6,0.35));
#4646=CARTESIAN_POINT('',(4.25,-1.6,0.));
#4647=CARTESIAN_POINT('',(5.75,-1.6,0.));
#4648=CARTESIAN_POINT('',(4.25,-1.6,0.35));
#4649=CARTESIAN_POINT('Origin',(1.75,-1.6,0.35));
#4650=CARTESIAN_POINT('',(3.25,-1.6,0.35));
#4651=CARTESIAN_POINT('',(1.75,-1.6,0.35));
#4652=CARTESIAN_POINT('',(3.25,-1.6,0.35));
#4653=CARTESIAN_POINT('',(3.25,-1.6,0.));
#4654=CARTESIAN_POINT('',(3.25,-1.6,0.35));
#4655=CARTESIAN_POINT('',(1.75,-1.6,0.));
#4656=CARTESIAN_POINT('',(3.25,-1.6,0.));
#4657=CARTESIAN_POINT('',(1.75,-1.6,0.35));
#4658=CARTESIAN_POINT('Origin',(-0.75,-1.6,0.35));
#4659=CARTESIAN_POINT('',(0.75,-1.6,0.35));
#4660=CARTESIAN_POINT('',(-0.75,-1.6,0.35));
#4661=CARTESIAN_POINT('',(0.75,-1.6,0.35));
#4662=CARTESIAN_POINT('',(0.75,-1.6,0.));
#4663=CARTESIAN_POINT('',(0.75,-1.6,0.35));
#4664=CARTESIAN_POINT('',(-0.75,-1.6,0.));
#4665=CARTESIAN_POINT('',(0.75,-1.6,0.));
#4666=CARTESIAN_POINT('',(-0.75,-1.6,0.35));
#4667=CARTESIAN_POINT('Origin',(5.33,-1.835016789792,1.889983210208));
#4668=CARTESIAN_POINT('',(5.33,-2.55,3.42));
#4669=CARTESIAN_POINT('',(5.33,-0.9,3.42));
#4670=CARTESIAN_POINT('',(5.33,-1.077508394896,3.42));
#4671=CARTESIAN_POINT('',(5.33,-2.55,4.08));
#4672=CARTESIAN_POINT('',(5.33,-2.55,2.469991605104));
#4673=CARTESIAN_POINT('',(5.33,-0.899999999999999,4.08));
#4674=CARTESIAN_POINT('',(5.33,-4.467508394896,4.08));
#4675=CARTESIAN_POINT('',(5.33,-0.9,1.61999160510396));
#4676=CARTESIAN_POINT('Origin',(7.17,-1.835016789792,1.889983210208));
#4677=CARTESIAN_POINT('',(7.17,-0.9,4.08));
#4678=CARTESIAN_POINT('',(7.17,-0.9,3.42));
#4679=CARTESIAN_POINT('',(7.17,-0.9,1.61999160510396));
#4680=CARTESIAN_POINT('',(7.17,-2.55,4.08));
#4681=CARTESIAN_POINT('',(7.17,-4.467508394896,4.08));
#4682=CARTESIAN_POINT('',(7.17,-2.55,3.42));
#4683=CARTESIAN_POINT('',(7.17,-2.55,2.469991605104));
#4684=CARTESIAN_POINT('',(7.17,-1.077508394896,3.42));
#4685=CARTESIAN_POINT('Origin',(2.82,-7.1,4.08));
#4686=CARTESIAN_POINT('',(7.83,-0.9,4.08));
#4687=CARTESIAN_POINT('',(3.91,-0.899999999999999,4.08));
#4688=CARTESIAN_POINT('',(7.83,-2.55,4.08));
#4689=CARTESIAN_POINT('',(7.83,-4.467508394896,4.08));
#4690=CARTESIAN_POINT('',(3.91,-2.55,4.08));
#4691=CARTESIAN_POINT('Origin',(2.82,-7.1,4.08));
#4692=CARTESIAN_POINT('',(4.67,-2.55,4.08));
#4693=CARTESIAN_POINT('',(3.91,-2.55,4.08));
#4694=CARTESIAN_POINT('',(4.67,-0.899999999999999,4.08));
#4695=CARTESIAN_POINT('',(4.67,-4.467508394896,4.08));
#4696=CARTESIAN_POINT('',(3.91,-0.899999999999999,4.08));
#4697=CARTESIAN_POINT('Origin',(2.82,-0.32,3.42));
#4698=CARTESIAN_POINT('',(7.83,-2.55,3.42));
#4699=CARTESIAN_POINT('',(3.91,-2.55,3.42));
#4700=CARTESIAN_POINT('',(7.83,-0.9,3.42));
#4701=CARTESIAN_POINT('',(7.83,-1.077508394896,3.42));
#4702=CARTESIAN_POINT('',(3.91,-0.899999999999999,3.42));
#4703=CARTESIAN_POINT('Origin',(0.33,-1.8494320772,1.868561531914));
#4704=CARTESIAN_POINT('',(0.33,-2.55,3.42));
#4705=CARTESIAN_POINT('',(0.33,-0.899999999999999,3.42));
#4706=CARTESIAN_POINT('',(0.33,-1.0847160386,3.42));
#4707=CARTESIAN_POINT('',(0.33,-2.55,4.08));
#4708=CARTESIAN_POINT('',(0.33,-2.55,2.459280765957));
#4709=CARTESIAN_POINT('',(0.33,-0.899999999999999,4.08));
#4710=CARTESIAN_POINT('',(0.33,-4.4747160386,4.08));
#4711=CARTESIAN_POINT('',(0.33,-0.899999999999999,1.60928076595696));
#4712=CARTESIAN_POINT('Origin',(2.17,-1.835016789792,1.889983210208));
#4713=CARTESIAN_POINT('',(2.17,-0.899999999999999,3.42));
#4714=CARTESIAN_POINT('',(2.17,-2.55,3.42));
#4715=CARTESIAN_POINT('',(2.17,-1.077508394896,3.42));
#4716=CARTESIAN_POINT('',(2.17,-0.899999999999999,4.08));
#4717=CARTESIAN_POINT('',(2.17,-0.899999999999999,1.61999160510396));
#4718=CARTESIAN_POINT('',(2.17,-2.55,4.08));
#4719=CARTESIAN_POINT('',(2.17,-4.467508394896,4.08));
#4720=CARTESIAN_POINT('',(2.17,-2.55,2.469991605104));
#4721=CARTESIAN_POINT('Origin',(2.82,-7.1,4.08));
#4722=CARTESIAN_POINT('',(2.83,-0.899999999999999,4.08));
#4723=CARTESIAN_POINT('',(3.91,-0.899999999999999,4.08));
#4724=CARTESIAN_POINT('',(2.83,-2.55,4.08));
#4725=CARTESIAN_POINT('',(2.83,-4.467508394896,4.08));
#4726=CARTESIAN_POINT('',(3.91,-2.55,4.08));
#4727=CARTESIAN_POINT('Origin',(2.82,-7.1,4.08));
#4728=CARTESIAN_POINT('',(-0.33,-2.55,4.08));
#4729=CARTESIAN_POINT('',(3.91,-2.55,4.08));
#4730=CARTESIAN_POINT('',(-0.33,-0.899999999999999,4.08));
#4731=CARTESIAN_POINT('',(-0.33,-4.4747160386,4.08));
#4732=CARTESIAN_POINT('',(3.91,-0.899999999999999,4.08));
#4733=CARTESIAN_POINT('Origin',(2.82,-0.32,3.42));
#4734=CARTESIAN_POINT('',(-0.33,-0.899999999999999,3.42));
#4735=CARTESIAN_POINT('',(3.91,-0.899999999999999,3.42));
#4736=CARTESIAN_POINT('',(-0.33,-2.55,3.42));
#4737=CARTESIAN_POINT('',(-0.33,-1.0847160386,3.42));
#4738=CARTESIAN_POINT('',(3.91,-2.55,3.42));
#4739=CARTESIAN_POINT('Origin',(2.82,-0.32,3.42));
#4740=CARTESIAN_POINT('',(2.83,-2.55,3.42));
#4741=CARTESIAN_POINT('',(3.91,-2.55,3.42));
#4742=CARTESIAN_POINT('',(2.83,-0.899999999999999,3.42));
#4743=CARTESIAN_POINT('',(2.83,-1.077508394896,3.42));
#4744=CARTESIAN_POINT('',(3.91,-0.899999999999999,3.42));
#4745=CARTESIAN_POINT('Origin',(4.67,-1.835016789792,1.889983210208));
#4746=CARTESIAN_POINT('',(4.67,-2.55,3.42));
#4747=CARTESIAN_POINT('',(4.67,-2.55,2.469991605104));
#4748=CARTESIAN_POINT('',(4.67,-0.899999999999999,3.42));
#4749=CARTESIAN_POINT('',(4.67,-1.077508394896,3.42));
#4750=CARTESIAN_POINT('',(4.67,-0.9,1.61999160510396));
#4751=CARTESIAN_POINT('Origin',(2.83,-1.835016789792,1.889983210208));
#4752=CARTESIAN_POINT('',(2.83,-2.55,2.469991605104));
#4753=CARTESIAN_POINT('',(2.83,-0.9,1.61999160510396));
#4754=CARTESIAN_POINT('Origin',(2.82,-0.32,3.42));
#4755=CARTESIAN_POINT('',(3.91,-0.899999999999999,3.42));
#4756=CARTESIAN_POINT('',(3.91,-2.55,3.42));
#4757=CARTESIAN_POINT('Origin',(10.33,-1.8494320772,1.868561531914));
#4758=CARTESIAN_POINT('',(10.33,-2.55,3.42));
#4759=CARTESIAN_POINT('',(10.33,-0.9,3.42));
#4760=CARTESIAN_POINT('',(10.33,-1.0847160386,3.42));
#4761=CARTESIAN_POINT('',(10.33,-2.55,4.08));
#4762=CARTESIAN_POINT('',(10.33,-2.55,2.459280765957));
#4763=CARTESIAN_POINT('',(10.33,-0.9,4.08));
#4764=CARTESIAN_POINT('',(10.33,-4.4747160386,4.08));
#4765=CARTESIAN_POINT('',(10.33,-0.900000000000001,1.60928076595696));
#4766=CARTESIAN_POINT('Origin',(9.67,-1.8494320772,1.868561531914));
#4767=CARTESIAN_POINT('',(9.67,-2.55,4.08));
#4768=CARTESIAN_POINT('',(9.67,-0.9,4.08));
#4769=CARTESIAN_POINT('',(9.67,-4.4747160386,4.08));
#4770=CARTESIAN_POINT('',(9.67,-2.55,3.42));
#4771=CARTESIAN_POINT('',(9.67,-2.55,2.459280765957));
#4772=CARTESIAN_POINT('',(9.67,-0.9,3.42));
#4773=CARTESIAN_POINT('',(9.67,-1.0847160386,3.42));
#4774=CARTESIAN_POINT('',(9.67,-0.9,1.60928076595696));
#4775=CARTESIAN_POINT('Origin',(7.83,-1.835016789792,1.889983210208));
#4776=CARTESIAN_POINT('',(7.83,-2.55,2.469991605104));
#4777=CARTESIAN_POINT('',(7.83,-0.9,1.61999160510396));
#4778=CARTESIAN_POINT('Origin',(2.82,-0.32,3.42));
#4779=CARTESIAN_POINT('',(3.91,-0.899999999999999,3.42));
#4780=CARTESIAN_POINT('',(3.91,-2.55,3.42));
#4781=CARTESIAN_POINT('Origin',(2.82,-7.1,4.08));
#4782=CARTESIAN_POINT('',(3.91,-2.55,4.08));
#4783=CARTESIAN_POINT('',(3.91,-0.899999999999999,4.08));
#4784=CARTESIAN_POINT('Origin',(-0.33,-1.8494320772,1.868561531914));
#4785=CARTESIAN_POINT('',(-0.33,-2.55,2.459280765957));
#4786=CARTESIAN_POINT('',(-0.33,-0.899999999999999,1.60928076595696));
#4787=CARTESIAN_POINT('Origin',(5.,-0.9,1.34999999999993));
#4788=CARTESIAN_POINT('',(1.75,-0.9,3.25));
#4789=CARTESIAN_POINT('',(1.75,-0.9,4.25));
#4790=CARTESIAN_POINT('',(1.75,-0.899999999999999,2.29227432175196));
#4791=CARTESIAN_POINT('',(3.25,-0.9,4.25));
#4792=CARTESIAN_POINT('',(3.25,-0.9,4.25));
#4793=CARTESIAN_POINT('',(3.25,-0.9,3.25));
#4794=CARTESIAN_POINT('',(3.25,-0.9,2.29227432175196));
#4795=CARTESIAN_POINT('',(3.25,-0.9,3.25));
#4796=CARTESIAN_POINT('Origin',(3.25,-0.930008245993,3.234548643504));
#4797=CARTESIAN_POINT('',(3.25,-0.6,6.1));
#4798=CARTESIAN_POINT('',(3.25,-0.600000000000001,0.));
#4799=CARTESIAN_POINT('',(3.25,-0.6,0.35));
#4800=CARTESIAN_POINT('',(3.25,-1.6,0.));
#4801=CARTESIAN_POINT('',(3.25,-0.9,3.25));
#4802=CARTESIAN_POINT('',(3.25,-1.6,6.1));
#4803=CARTESIAN_POINT('',(3.25,-1.6,6.1));
#4804=CARTESIAN_POINT('',(3.25,-0.6,6.1));
#4805=CARTESIAN_POINT('Origin',(5.,-0.6,3.225));
#4806=CARTESIAN_POINT('',(4.25,-0.6,6.1));
#4807=CARTESIAN_POINT('',(4.25,-0.600000000000001,0.));
#4808=CARTESIAN_POINT('',(4.25,-0.6,0.35));
#4809=CARTESIAN_POINT('',(-2.45,-0.6,0.));
#4810=CARTESIAN_POINT('',(12.45,-0.6,6.1));
#4811=CARTESIAN_POINT('Origin',(4.25,-0.930008245993,3.234548643504));
#4812=CARTESIAN_POINT('',(4.25,-0.9,3.25));
#4813=CARTESIAN_POINT('',(4.25,-0.9,4.25));
#4814=CARTESIAN_POINT('',(4.25,-0.9,2.29227432175196));
#4815=CARTESIAN_POINT('',(4.25,-0.9,3.25));
#4816=CARTESIAN_POINT('',(4.25,-1.6,0.));
#4817=CARTESIAN_POINT('',(4.25,-1.6,6.1));
#4818=CARTESIAN_POINT('',(4.25,-0.6,6.1));
#4819=CARTESIAN_POINT('',(4.25,-1.6,6.1));
#4820=CARTESIAN_POINT('Origin',(5.,-0.9,1.34999999999993));
#4821=CARTESIAN_POINT('',(5.75,-0.9,4.25));
#4822=CARTESIAN_POINT('',(5.75,-0.9,3.25));
#4823=CARTESIAN_POINT('',(5.75,-0.9,2.29227432175196));
#4824=CARTESIAN_POINT('',(5.75,-0.9,3.25));
#4825=CARTESIAN_POINT('',(5.75,-0.9,4.25));
#4826=CARTESIAN_POINT('Origin',(5.,-0.9,1.34999999999993));
#4827=CARTESIAN_POINT('',(6.75,-0.9,3.25));
#4828=CARTESIAN_POINT('',(6.75,-0.9,4.25));
#4829=CARTESIAN_POINT('',(6.75,-0.9,2.29227432175196));
#4830=CARTESIAN_POINT('',(8.25,-0.9,4.25));
#4831=CARTESIAN_POINT('',(8.25,-0.9,4.25));
#4832=CARTESIAN_POINT('',(8.25,-0.9,3.25));
#4833=CARTESIAN_POINT('',(8.25,-0.9,2.29227432175196));
#4834=CARTESIAN_POINT('',(8.25,-0.9,3.25));
#4835=CARTESIAN_POINT('Origin',(8.25,-0.930008245993,3.234548643504));
#4836=CARTESIAN_POINT('',(8.25,-0.6,6.1));
#4837=CARTESIAN_POINT('',(8.25,-0.600000000000001,0.));
#4838=CARTESIAN_POINT('',(8.25,-0.6,0.35));
#4839=CARTESIAN_POINT('',(8.25,-1.6,0.));
#4840=CARTESIAN_POINT('',(8.25,-0.9,3.25));
#4841=CARTESIAN_POINT('',(8.25,-1.6,6.1));
#4842=CARTESIAN_POINT('',(8.25,-1.6,6.1));
#4843=CARTESIAN_POINT('',(8.25,-0.6,6.1));
#4844=CARTESIAN_POINT('Origin',(5.,-0.6,3.225));
#4845=CARTESIAN_POINT('',(9.25,-0.6,6.1));
#4846=CARTESIAN_POINT('',(9.25,-0.600000000000001,0.));
#4847=CARTESIAN_POINT('',(9.25,-0.6,0.35));
#4848=CARTESIAN_POINT('',(-2.45,-0.6,0.));
#4849=CARTESIAN_POINT('',(12.45,-0.6,6.1));
#4850=CARTESIAN_POINT('Origin',(9.25,-0.930008245993,3.234548643504));
#4851=CARTESIAN_POINT('',(9.25,-0.9,3.25));
#4852=CARTESIAN_POINT('',(9.25,-0.9,4.25));
#4853=CARTESIAN_POINT('',(9.25,-0.9,2.29227432175196));
#4854=CARTESIAN_POINT('',(9.25,-0.9,3.25));
#4855=CARTESIAN_POINT('',(9.25,-1.6,0.));
#4856=CARTESIAN_POINT('',(9.25,-1.6,6.1));
#4857=CARTESIAN_POINT('',(9.25,-0.6,6.1));
#4858=CARTESIAN_POINT('',(9.25,-1.6,6.1));
#4859=CARTESIAN_POINT('Origin',(5.,-0.9,1.34999999999993));
#4860=CARTESIAN_POINT('',(10.75,-0.9,4.25));
#4861=CARTESIAN_POINT('',(10.75,-0.9,3.25));
#4862=CARTESIAN_POINT('',(10.75,-0.9,2.29227432175196));
#4863=CARTESIAN_POINT('',(10.75,-0.9,3.25));
#4864=CARTESIAN_POINT('',(10.75,-0.9,4.25));
#4865=CARTESIAN_POINT('Origin',(10.75,-0.930008245993,3.234548643504));
#4866=CARTESIAN_POINT('',(10.75,-0.6,6.1));
#4867=CARTESIAN_POINT('',(10.75,-0.600000000000001,0.));
#4868=CARTESIAN_POINT('',(10.75,-0.6,0.35));
#4869=CARTESIAN_POINT('',(10.75,-1.6,0.));
#4870=CARTESIAN_POINT('',(10.75,-0.9,3.25));
#4871=CARTESIAN_POINT('',(10.75,-1.6,6.1));
#4872=CARTESIAN_POINT('',(10.75,-1.6,6.1));
#4873=CARTESIAN_POINT('',(10.75,-0.6,6.1));
#4874=CARTESIAN_POINT('Origin',(5.,-0.6,3.225));
#4875=CARTESIAN_POINT('',(12.45,-0.6,6.1));
#4876=CARTESIAN_POINT('',(12.45,-0.600000000000002,0.));
#4877=CARTESIAN_POINT('',(12.45,-0.600000000000001,3.0491420359295));
#4878=CARTESIAN_POINT('',(8.725,-0.600000000000001,0.));
#4879=CARTESIAN_POINT('',(12.45,-0.6,6.1));
#4880=CARTESIAN_POINT('Origin',(12.45,-2.827303270929,3.048284071859));
#4881=CARTESIAN_POINT('',(12.45,-7.7,0.));
#4882=CARTESIAN_POINT('',(12.45,-7.7,4.25));
#4883=CARTESIAN_POINT('',(12.45,-7.7,0.));
#4884=CARTESIAN_POINT('',(12.45,3.9,0.));
#4885=CARTESIAN_POINT('',(12.45,-7.7,6.1));
#4886=CARTESIAN_POINT('',(12.45,-0.6,6.1));
#4887=CARTESIAN_POINT('',(12.45,-7.7,5.25));
#4888=CARTESIAN_POINT('',(12.45,-7.7,0.35));
#4889=CARTESIAN_POINT('',(12.45,-4.85,5.25));
#4890=CARTESIAN_POINT('',(12.45,-7.7,5.25));
#4891=CARTESIAN_POINT('',(12.45,-4.35,4.75));
#4892=CARTESIAN_POINT('Origin',(12.45,-4.85,4.75));
#4893=CARTESIAN_POINT('',(12.45,-4.35,4.25));
#4894=CARTESIAN_POINT('',(12.45,-4.35,4.75));
#4895=CARTESIAN_POINT('',(12.45,-4.35,4.25));
#4896=CARTESIAN_POINT('Origin',(-1.6,-7.6,1.));
#4897=CARTESIAN_POINT('',(-1.6,-7.5,1.1));
#4898=CARTESIAN_POINT('',(11.6,-7.5,1.1));
#4899=CARTESIAN_POINT('',(-1.6,-7.5,1.1));
#4900=CARTESIAN_POINT('',(-1.8,-7.7,0.9));
#4901=CARTESIAN_POINT('',(-1.141666666667,-7.041666666667,1.558333333333));
#4902=CARTESIAN_POINT('',(11.8,-7.7,0.9));
#4903=CARTESIAN_POINT('',(-1.6,-7.7,0.9));
#4904=CARTESIAN_POINT('',(9.466666666667,-5.366666666667,3.233333333333));
#4905=CARTESIAN_POINT('Origin',(-1.6,-7.7,1.1));
#4906=CARTESIAN_POINT('',(-1.6,-2.55,1.1));
#4907=CARTESIAN_POINT('',(11.6,-2.55,1.1));
#4908=CARTESIAN_POINT('',(-1.6,-2.55,1.1));
#4909=CARTESIAN_POINT('',(-1.6,-7.7,1.1));
#4910=CARTESIAN_POINT('',(11.6,-7.7,1.1));
#4911=CARTESIAN_POINT('Origin',(-1.95,3.9,0.));
#4912=CARTESIAN_POINT('',(-2.45,-0.599999999999999,0.));
#4913=CARTESIAN_POINT('',(-2.45,-7.7,0.));
#4914=CARTESIAN_POINT('',(-2.45,3.9,0.));
#4915=CARTESIAN_POINT('',(-0.75,-0.600000000000001,0.));
#4916=CARTESIAN_POINT('',(1.525,-0.6,0.));
#4917=CARTESIAN_POINT('',(-0.75,-1.6,0.));
#4918=CARTESIAN_POINT('',(0.75,-0.600000000000001,0.));
#4919=CARTESIAN_POINT('',(0.75,-1.6,0.));
#4920=CARTESIAN_POINT('',(1.75,-0.600000000000001,0.));
#4921=CARTESIAN_POINT('',(-2.45,-0.6,0.));
#4922=CARTESIAN_POINT('',(1.75,-1.6,0.));
#4923=CARTESIAN_POINT('',(5.75,-0.600000000000001,0.));
#4924=CARTESIAN_POINT('',(5.75,-1.6,0.));
#4925=CARTESIAN_POINT('',(6.75,-0.600000000000001,0.));
#4926=CARTESIAN_POINT('',(-2.45,-0.6,0.));
#4927=CARTESIAN_POINT('',(6.75,-1.6,0.));
#4928=CARTESIAN_POINT('',(-1.95,-7.7,0.));
#4929=CARTESIAN_POINT('Origin',(10.75,-0.9,3.25));
#4930=CARTESIAN_POINT('Origin',(8.25,-0.9,3.25));
#4931=CARTESIAN_POINT('',(6.75,-0.9,3.25));
#4932=CARTESIAN_POINT('Origin',(5.75,-0.9,3.25));
#4933=CARTESIAN_POINT('',(5.75,-0.9,3.25));
#4934=CARTESIAN_POINT('Origin',(3.25,-0.9,3.25));
#4935=CARTESIAN_POINT('',(1.75,-0.9,3.25));
#4936=CARTESIAN_POINT('Origin',(0.75,-0.9,3.25));
#4937=CARTESIAN_POINT('',(-0.75,-0.9,3.25));
#4938=CARTESIAN_POINT('',(-0.75,-0.9,3.25));
#4939=CARTESIAN_POINT('',(0.75,-0.9,3.25));
#4940=CARTESIAN_POINT('',(0.75,-0.9,3.25));
#4941=CARTESIAN_POINT('',(0.75,-0.9,3.25));
#4942=CARTESIAN_POINT('Origin',(11.6,-7.7,1.1));
#4943=CARTESIAN_POINT('',(11.6,-2.55,5.25));
#4944=CARTESIAN_POINT('',(11.6,-2.55,1.1));
#4945=CARTESIAN_POINT('',(11.6,-7.5,4.25));
#4946=CARTESIAN_POINT('',(11.6,-7.5,1.1));
#4947=CARTESIAN_POINT('',(11.6,-4.35,4.25));
#4948=CARTESIAN_POINT('',(11.6,-6.025,4.25));
#4949=CARTESIAN_POINT('',(11.6,-4.35,4.75));
#4950=CARTESIAN_POINT('',(11.6,-4.35,2.925));
#4951=CARTESIAN_POINT('',(11.6,-4.85,5.25));
#4952=CARTESIAN_POINT('Origin',(11.6,-4.85,4.75));
#4953=CARTESIAN_POINT('',(11.6,-7.7,5.25));
#4954=CARTESIAN_POINT('Origin',(11.7,-7.6,1.1));
#4955=CARTESIAN_POINT('',(11.8,-7.7,4.25));
#4956=CARTESIAN_POINT('',(11.8,-7.7,1.1));
#4957=CARTESIAN_POINT('',(11.075,-6.975,4.25));
#4958=CARTESIAN_POINT('Origin',(6.75,-0.930008245993,3.234548643504));
#4959=CARTESIAN_POINT('',(6.75,-0.6,6.1));
#4960=CARTESIAN_POINT('',(6.75,-0.6,0.35));
#4961=CARTESIAN_POINT('',(6.75,-1.6,6.1));
#4962=CARTESIAN_POINT('',(6.75,-0.6,6.1));
#4963=CARTESIAN_POINT('',(6.75,-1.6,6.1));
#4964=CARTESIAN_POINT('Origin',(5.,-0.6,3.225));
#4965=CARTESIAN_POINT('',(5.75,-0.6,6.1));
#4966=CARTESIAN_POINT('',(5.75,-0.6,0.35));
#4967=CARTESIAN_POINT('',(12.45,-0.6,6.1));
#4968=CARTESIAN_POINT('Origin',(5.75,-0.930008245993,3.234548643504));
#4969=CARTESIAN_POINT('',(5.75,-1.6,6.1));
#4970=CARTESIAN_POINT('',(5.75,-1.6,6.1));
#4971=CARTESIAN_POINT('',(5.75,-0.6,6.1));
#4972=CARTESIAN_POINT('Origin',(1.75,-0.930008245993,3.234548643504));
#4973=CARTESIAN_POINT('',(1.75,-0.6,6.1));
#4974=CARTESIAN_POINT('',(1.75,-0.6,0.35));
#4975=CARTESIAN_POINT('',(1.75,-1.6,6.1));
#4976=CARTESIAN_POINT('',(1.75,-0.6,6.1));
#4977=CARTESIAN_POINT('',(1.75,-1.6,6.1));
#4978=CARTESIAN_POINT('Origin',(5.,-0.6,3.225));
#4979=CARTESIAN_POINT('',(0.75,-0.6,6.1));
#4980=CARTESIAN_POINT('',(0.75,-0.6,0.35));
#4981=CARTESIAN_POINT('',(12.45,-0.6,6.1));
#4982=CARTESIAN_POINT('Origin',(0.75,-0.930008245993,3.234548643504));
#4983=CARTESIAN_POINT('',(0.75,-0.9,4.25));
#4984=CARTESIAN_POINT('',(0.75,-0.899999999999999,2.29227432175196));
#4985=CARTESIAN_POINT('',(0.75,-1.6,6.1));
#4986=CARTESIAN_POINT('',(0.75,-1.6,6.1));
#4987=CARTESIAN_POINT('',(0.75,-0.6,6.1));
#4988=CARTESIAN_POINT('Origin',(5.,-0.9,1.34999999999993));
#4989=CARTESIAN_POINT('',(-0.75,-0.9,4.25));
#4990=CARTESIAN_POINT('',(-0.75,-0.899999999999999,2.29227432175196));
#4991=CARTESIAN_POINT('',(0.75,-0.9,4.25));
#4992=CARTESIAN_POINT('Origin',(-0.75,-0.930008245993,3.234548643504));
#4993=CARTESIAN_POINT('',(-0.75,-0.6,6.1));
#4994=CARTESIAN_POINT('',(-0.75,-0.6,0.35));
#4995=CARTESIAN_POINT('',(-0.75,-1.6,6.1));
#4996=CARTESIAN_POINT('',(-0.75,-0.6,6.1));
#4997=CARTESIAN_POINT('',(-0.75,-1.6,6.1));
#4998=CARTESIAN_POINT('Origin',(5.,-0.6,3.225));
#4999=CARTESIAN_POINT('',(-2.45,-0.6,6.1));
#5000=CARTESIAN_POINT('',(-2.45,-0.599999999999999,3.0491420359295));
#5001=CARTESIAN_POINT('',(12.45,-0.6,6.1));
#5002=CARTESIAN_POINT('Origin',(-2.45,-2.827303270929,3.048284071859));
#5003=CARTESIAN_POINT('',(-2.45,-7.7,4.25));
#5004=CARTESIAN_POINT('',(-2.45,-7.7,6.1));
#5005=CARTESIAN_POINT('',(-2.45,-4.35,4.25));
#5006=CARTESIAN_POINT('',(-2.45,-2.525,4.25));
#5007=CARTESIAN_POINT('',(-2.45,-4.35,4.75));
#5008=CARTESIAN_POINT('',(-2.45,-4.35,5.425));
#5009=CARTESIAN_POINT('',(-2.45,-4.85,5.25));
#5010=CARTESIAN_POINT('Origin',(-2.45,-4.85,4.75));
#5011=CARTESIAN_POINT('',(-2.45,-7.7,5.25));
#5012=CARTESIAN_POINT('',(-2.45,-4.2,5.25));
#5013=CARTESIAN_POINT('',(-2.45,-7.7,6.1));
#5014=CARTESIAN_POINT('',(-2.45,-7.7,6.1));
#5015=CARTESIAN_POINT('',(-2.45,-0.7,6.1));
#5016=CARTESIAN_POINT('Origin',(5.,-7.7,1.270623632385));
#5017=CARTESIAN_POINT('',(-1.8,-7.7,4.25));
#5018=CARTESIAN_POINT('',(-1.8,-7.7,4.25));
#5019=CARTESIAN_POINT('',(12.45,-7.7,4.25));
#5020=CARTESIAN_POINT('',(12.45,-7.7,4.25));
#5021=CARTESIAN_POINT('Origin',(-1.7,-7.6,4.25));
#5022=CARTESIAN_POINT('',(-1.6,-7.5,4.25));
#5023=CARTESIAN_POINT('',(-1.6,-7.5,4.25));
#5024=CARTESIAN_POINT('',(2.65,-3.25,4.25));
#5025=CARTESIAN_POINT('Origin',(-1.6,-7.7,5.25));
#5026=CARTESIAN_POINT('',(-1.6,-2.55,5.25));
#5027=CARTESIAN_POINT('',(-1.6,-2.55,5.25));
#5028=CARTESIAN_POINT('',(-1.6,-4.85,5.25));
#5029=CARTESIAN_POINT('',(-1.6,-7.7,5.25));
#5030=CARTESIAN_POINT('',(-1.6,-4.35,4.75));
#5031=CARTESIAN_POINT('Origin',(-1.6,-4.85,4.75));
#5032=CARTESIAN_POINT('',(-1.6,-4.35,4.25));
#5033=CARTESIAN_POINT('',(-1.6,-4.35,5.));
#5034=CARTESIAN_POINT('',(-1.6,-6.025,4.25));
#5035=CARTESIAN_POINT('Origin',(5.,-2.55,3.05));
#5036=CARTESIAN_POINT('',(11.6,-2.55,5.25));
#5037=CARTESIAN_POINT('Origin',(12.45,-0.6,6.1));
#5038=CARTESIAN_POINT('',(10.75,-1.6,6.1));
#5039=CARTESIAN_POINT('',(8.25,-1.6,6.1));
#5040=CARTESIAN_POINT('',(5.75,-1.6,6.1));
#5041=CARTESIAN_POINT('',(3.25,-1.6,6.1));
#5042=CARTESIAN_POINT('',(0.75,-1.6,6.1));
#5043=CARTESIAN_POINT('',(-0.5,-7.7,6.1));
#5044=CARTESIAN_POINT('',(12.45,-7.7,6.1));
#5045=CARTESIAN_POINT('',(-0.25,-7.45,6.1));
#5046=CARTESIAN_POINT('',(-0.25,-7.45,6.1));
#5047=CARTESIAN_POINT('',(-0.5,-7.2,6.1));
#5048=CARTESIAN_POINT('',(-0.5,-7.2,6.1));
#5049=CARTESIAN_POINT('',(-0.5,-4.55,6.1));
#5050=CARTESIAN_POINT('',(-0.499999999999998,-2.52499999999991,6.1));
#5051=CARTESIAN_POINT('',(0.25,-3.8,6.1));
#5052=CARTESIAN_POINT('Origin',(0.25,-4.55,6.1));
#5053=CARTESIAN_POINT('',(1.,-3.8,6.1));
#5054=CARTESIAN_POINT('',(1.,-3.8,6.1));
#5055=CARTESIAN_POINT('',(1.,-7.7,6.1));
#5056=CARTESIAN_POINT('',(1.,-7.7,6.1));
#5057=CARTESIAN_POINT('',(9.,-7.7,6.1));
#5058=CARTESIAN_POINT('',(12.45,-7.7,6.1));
#5059=CARTESIAN_POINT('',(9.,-3.8,6.1));
#5060=CARTESIAN_POINT('',(9.,-7.7,6.1));
#5061=CARTESIAN_POINT('',(9.75,-3.8,6.1));
#5062=CARTESIAN_POINT('',(9.,-3.8,6.1));
#5063=CARTESIAN_POINT('',(10.5,-4.55,6.1));
#5064=CARTESIAN_POINT('Origin',(9.75,-4.55,6.1));
#5065=CARTESIAN_POINT('',(10.5,-7.2,6.1));
#5066=CARTESIAN_POINT('',(10.5,-2.52499999999991,6.1));
#5067=CARTESIAN_POINT('',(10.25,-7.45,6.1));
#5068=CARTESIAN_POINT('',(10.5,-7.2,6.1));
#5069=CARTESIAN_POINT('',(10.5,-7.7,6.1));
#5070=CARTESIAN_POINT('',(10.25,-7.45,6.1));
#5071=CARTESIAN_POINT('',(12.45,-7.7,6.1));
#5072=CARTESIAN_POINT('Origin',(0.75,-1.6,6.1));
#5073=CARTESIAN_POINT('Origin',(3.25,-1.6,6.1));
#5074=CARTESIAN_POINT('Origin',(5.75,-1.6,6.1));
#5075=CARTESIAN_POINT('Origin',(8.25,-1.6,6.1));
#5076=CARTESIAN_POINT('Origin',(10.75,-1.6,6.1));
#5077=CARTESIAN_POINT('Origin',(-0.5,-7.2,6.1));
#5078=CARTESIAN_POINT('',(-0.25,-7.45,5.25));
#5079=CARTESIAN_POINT('',(-0.25,-7.45,6.1));
#5080=CARTESIAN_POINT('',(-0.5,-7.2,5.25));
#5081=CARTESIAN_POINT('',(0.605626558603,-8.305626558603,5.25));
#5082=CARTESIAN_POINT('',(-0.5,-7.2,6.1));
#5083=CARTESIAN_POINT('Origin',(-0.25,-7.45,6.1));
#5084=CARTESIAN_POINT('',(-0.5,-7.7,5.25));
#5085=CARTESIAN_POINT('',(-0.5,-7.7,6.1));
#5086=CARTESIAN_POINT('',(1.394373441397,-5.805626558603,5.25));
#5087=CARTESIAN_POINT('Origin',(-0.5,-6.8,6.1));
#5088=CARTESIAN_POINT('',(-0.5,-4.55,5.25));
#5089=CARTESIAN_POINT('',(-0.499999999999999,-4.78625311720691,5.25));
#5090=CARTESIAN_POINT('',(-0.5,-4.55,6.1));
#5091=CARTESIAN_POINT('Origin',(5.,-5.222506234414,5.25));
#5092=CARTESIAN_POINT('',(12.45,-7.7,5.25));
#5093=CARTESIAN_POINT('',(12.45,-4.85,5.25));
#5094=CARTESIAN_POINT('',(12.45,-4.85,5.25));
#5095=CARTESIAN_POINT('',(10.5,-7.7,5.25));
#5096=CARTESIAN_POINT('',(12.45,-7.7,5.25));
#5097=CARTESIAN_POINT('',(10.25,-7.45,5.25));
#5098=CARTESIAN_POINT('',(8.605626558603,-5.805626558603,5.25));
#5099=CARTESIAN_POINT('',(10.5,-7.2,5.25));
#5100=CARTESIAN_POINT('',(9.394373441397,-8.305626558603,5.25));
#5101=CARTESIAN_POINT('',(10.5,-4.55,5.25));
#5102=CARTESIAN_POINT('',(10.5,-6.011253117207,5.25));
#5103=CARTESIAN_POINT('',(9.75,-3.8,5.25));
#5104=CARTESIAN_POINT('Origin',(9.75,-4.55,5.25));
#5105=CARTESIAN_POINT('',(9.,-3.8,5.25));
#5106=CARTESIAN_POINT('',(7.,-3.8,5.25));
#5107=CARTESIAN_POINT('',(9.,-7.7,5.25));
#5108=CARTESIAN_POINT('',(9.,-6.461253117207,5.25));
#5109=CARTESIAN_POINT('',(1.,-7.7,5.25));
#5110=CARTESIAN_POINT('',(12.45,-7.7,5.25));
#5111=CARTESIAN_POINT('',(1.,-3.8,5.25));
#5112=CARTESIAN_POINT('',(1.,-6.461253117207,5.25));
#5113=CARTESIAN_POINT('',(0.25,-3.8,5.25));
#5114=CARTESIAN_POINT('',(3.,-3.8,5.25));
#5115=CARTESIAN_POINT('Origin',(0.25,-4.55,5.25));
#5116=CARTESIAN_POINT('Origin',(5.,-7.7,3.225));
#5117=CARTESIAN_POINT('Origin',(12.45,-4.85,4.75));
#5118=CARTESIAN_POINT('',(12.45,-4.35,4.75));
#5119=CARTESIAN_POINT('Origin',(12.45,-4.35,4.75));
#5120=CARTESIAN_POINT('',(12.45,-4.35,4.25));
#5121=CARTESIAN_POINT('Origin',(12.45,-4.35,4.25));
#5122=CARTESIAN_POINT('Origin',(0.25,-4.55,6.1));
#5123=CARTESIAN_POINT('',(0.25,-3.8,6.1));
#5124=CARTESIAN_POINT('Origin',(1.,-3.8,6.1));
#5125=CARTESIAN_POINT('',(1.,-3.8,6.1));
#5126=CARTESIAN_POINT('Origin',(1.,-7.7,6.1));
#5127=CARTESIAN_POINT('',(1.,-7.7,6.1));
#5128=CARTESIAN_POINT('Origin',(5.,-7.7,3.225));
#5129=CARTESIAN_POINT('',(9.,-7.7,6.1));
#5130=CARTESIAN_POINT('Origin',(9.,-7.7,6.1));
#5131=CARTESIAN_POINT('',(9.,-3.8,6.1));
#5132=CARTESIAN_POINT('Origin',(9.,-3.8,6.1));
#5133=CARTESIAN_POINT('',(9.75,-3.8,6.1));
#5134=CARTESIAN_POINT('Origin',(9.75,-4.55,6.1));
#5135=CARTESIAN_POINT('',(10.5,-4.55,6.1));
#5136=CARTESIAN_POINT('Origin',(10.5,-7.2,6.1));
#5137=CARTESIAN_POINT('',(10.5,-7.2,6.1));
#5138=CARTESIAN_POINT('',(10.25,-7.45,6.1));
#5139=CARTESIAN_POINT('Origin',(10.25,-7.45,6.1));
#5140=CARTESIAN_POINT('',(10.5,-7.7,6.1));
#5141=CARTESIAN_POINT('Origin',(10.5,-4.34999999999981,3.05));
#5142=CARTESIAN_POINT('Origin',(12.45,-4.35,4.75));
#5143=CARTESIAN_POINT('',(12.45,-4.35,4.75));
#5144=CARTESIAN_POINT('',(12.45,-4.35,4.25));
#5145=CARTESIAN_POINT('Origin',(12.45,-4.85,4.75));
#5146=CARTESIAN_POINT('Origin',(5.,-7.7,3.225));
#5147=CARTESIAN_POINT('Origin',(12.45,-4.35,4.25));
#5148=CARTESIAN_POINT('',(0.,0.,0.));
#5149=CARTESIAN_POINT('Origin',(0.32,-0.1,-3.4));
#5150=CARTESIAN_POINT('',(0.12,-0.3,-3.4));
#5151=CARTESIAN_POINT('',(-0.119999999999999,-0.3,-3.4));
#5152=CARTESIAN_POINT('',(0.32,-0.3,-3.4));
#5153=CARTESIAN_POINT('',(0.12,-0.54,-3.4));
#5154=CARTESIAN_POINT('',(0.12,-0.1,-3.4));
#5155=CARTESIAN_POINT('',(-0.119999999999999,-0.54,-3.4));
#5156=CARTESIAN_POINT('',(0.32,-0.54,-3.4));
#5157=CARTESIAN_POINT('',(-0.119999999999999,-0.1,-3.4));
#5158=CARTESIAN_POINT('Origin',(0.32,-0.2,-3.3));
#5159=CARTESIAN_POINT('',(0.32,-0.1,-3.2));
#5160=CARTESIAN_POINT('',(0.253333333333001,-0.166666666667,-3.266666666667));
#5161=CARTESIAN_POINT('',(-0.319999999999999,-0.1,-3.2));
#5162=CARTESIAN_POINT('',(-0.146666666666998,-0.273333333333,-3.373333333333));
#5163=CARTESIAN_POINT('',(0.32,-0.1,-3.2));
#5164=CARTESIAN_POINT('Origin',(0.32,-0.64,-3.3));
#5165=CARTESIAN_POINT('',(0.32,-0.74,-3.2));
#5166=CARTESIAN_POINT('',(0.146666666667001,-0.566666666667,-3.373333333333));
#5167=CARTESIAN_POINT('',(-0.319999999999999,-0.74,-3.2));
#5168=CARTESIAN_POINT('',(0.32,-0.74,-3.2));
#5169=CARTESIAN_POINT('',(-0.0399999999999989,-0.46,-3.48));
#5170=CARTESIAN_POINT('Origin',(0.220000000000002,-0.1,-3.3));
#5171=CARTESIAN_POINT('',(0.32,-0.1,-3.2));
#5172=CARTESIAN_POINT('Origin',(0.32,-0.79,3.38));
#5173=CARTESIAN_POINT('',(0.32,-0.79,4.07));
#5174=CARTESIAN_POINT('',(0.32,-0.1,3.38));
#5175=CARTESIAN_POINT('Origin',(0.32,-0.79,3.38));
#5176=CARTESIAN_POINT('',(-0.319999999999999,-0.1,3.38));
#5177=CARTESIAN_POINT('',(0.32,-0.1,3.38));
#5178=CARTESIAN_POINT('',(-0.319999999999999,-0.79,4.07));
#5179=CARTESIAN_POINT('Origin',(-0.319999999999999,-0.79,3.38));
#5180=CARTESIAN_POINT('',(0.32,-0.79,4.07));
#5181=CARTESIAN_POINT('Origin',(0.32,-0.1,4.07));
#5182=CARTESIAN_POINT('',(0.32,-0.1,4.07));
#5183=CARTESIAN_POINT('',(-0.319999999999999,-0.1,4.07));
#5184=CARTESIAN_POINT('Origin',(-0.219999999999998,-0.1,-3.3));
#5185=CARTESIAN_POINT('',(-0.319999999999999,-0.1,-3.2));
#5186=CARTESIAN_POINT('Origin',(0.32,-0.74,-3.4));
#5187=CARTESIAN_POINT('',(0.32,-0.74,3.38));
#5188=CARTESIAN_POINT('',(0.32,-0.74,-3.4));
#5189=CARTESIAN_POINT('',(-0.319999999999999,-0.74,3.38));
#5190=CARTESIAN_POINT('',(0.32,-0.74,3.38));
#5191=CARTESIAN_POINT('',(-0.319999999999999,-0.74,-3.4));
#5192=CARTESIAN_POINT('Origin',(0.32,-0.79,3.38));
#5193=CARTESIAN_POINT('',(0.32,-0.79,3.43));
#5194=CARTESIAN_POINT('Origin',(0.32,-0.79,3.38));
#5195=CARTESIAN_POINT('',(-0.319999999999999,-0.79,3.43));
#5196=CARTESIAN_POINT('',(0.32,-0.79,3.43));
#5197=CARTESIAN_POINT('Origin',(-0.319999999999999,-0.79,3.38));
#5198=CARTESIAN_POINT('Origin',(-7.18,-7.1,4.07));
#5199=CARTESIAN_POINT('',(-0.319999999999999,-6.9,4.07));
#5200=CARTESIAN_POINT('',(-0.319999999999999,-4.467508394896,4.07));
#5201=CARTESIAN_POINT('',(0.32,-6.9,4.07));
#5202=CARTESIAN_POINT('',(0.32,-6.9,4.07));
#5203=CARTESIAN_POINT('',(0.32,-4.467508394896,4.07));
#5204=CARTESIAN_POINT('Origin',(-0.319999999999999,-1.835016789792,1.889983210208));
#5205=CARTESIAN_POINT('',(-0.319999999999999,-6.9,3.43));
#5206=CARTESIAN_POINT('',(-0.319999999999999,-1.077508394896,3.43));
#5207=CARTESIAN_POINT('',(-0.319999999999999,-6.9,3.43));
#5208=CARTESIAN_POINT('Origin',(-0.219999999999998,-7.,3.43));
#5209=CARTESIAN_POINT('',(-0.119999999999999,-7.1,3.63));
#5210=CARTESIAN_POINT('',(-0.146666666666998,-7.073333333333,3.603333333333));
#5211=CARTESIAN_POINT('',(-0.119999999999999,-7.1,3.87));
#5212=CARTESIAN_POINT('',(-0.119999999999999,-7.1,3.43));
#5213=CARTESIAN_POINT('',(-0.0399999999999989,-7.18,3.79));
#5214=CARTESIAN_POINT('Origin',(0.32,-7.,3.53));
#5215=CARTESIAN_POINT('',(0.32,-6.9,3.43));
#5216=CARTESIAN_POINT('',(0.12,-7.1,3.63));
#5217=CARTESIAN_POINT('',(0.253333333333001,-6.966666666667,3.496666666667));
#5218=CARTESIAN_POINT('',(0.32,-7.1,3.63));
#5219=CARTESIAN_POINT('',(0.32,-6.9,3.43));
#5220=CARTESIAN_POINT('Origin',(0.220000000000002,-7.,3.43));
#5221=CARTESIAN_POINT('',(0.32,-6.9,3.43));
#5222=CARTESIAN_POINT('',(0.12,-7.1,3.87));
#5223=CARTESIAN_POINT('',(0.146666666667001,-7.073333333333,3.896666666667));
#5224=CARTESIAN_POINT('',(0.12,-7.1,3.43));
#5225=CARTESIAN_POINT('Origin',(0.32,-7.,3.97));
#5226=CARTESIAN_POINT('',(0.32,-7.1,3.87));
#5227=CARTESIAN_POINT('Origin',(0.32,-7.1,3.43));
#5228=CARTESIAN_POINT('Origin',(0.32,-1.835016789792,1.889983210208));
#5229=CARTESIAN_POINT('',(0.32,-0.74,3.43));
#5230=CARTESIAN_POINT('Origin',(0.32,-0.32,3.43));
#5231=CARTESIAN_POINT('',(0.,0.,0.));
#5232=CARTESIAN_POINT('Origin',(2.82,-7.1,3.43));
#5233=CARTESIAN_POINT('',(2.62,-7.1,3.63));
#5234=CARTESIAN_POINT('',(2.38,-7.1,3.63));
#5235=CARTESIAN_POINT('',(2.82,-7.1,3.63));
#5236=CARTESIAN_POINT('',(2.62,-7.1,3.87));
#5237=CARTESIAN_POINT('',(2.62,-7.1,3.43));
#5238=CARTESIAN_POINT('',(2.38,-7.1,3.87));
#5239=CARTESIAN_POINT('',(2.82,-7.1,3.87));
#5240=CARTESIAN_POINT('',(2.38,-7.1,3.43));
#5241=CARTESIAN_POINT('Origin',(2.82,-7.,3.97));
#5242=CARTESIAN_POINT('',(2.82,-6.9,4.07));
#5243=CARTESIAN_POINT('',(2.646666666667,-7.073333333333,3.896666666667));
#5244=CARTESIAN_POINT('',(2.18,-6.9,4.07));
#5245=CARTESIAN_POINT('',(2.82,-6.9,4.07));
#5246=CARTESIAN_POINT('',(2.46,-7.18,3.79));
#5247=CARTESIAN_POINT('Origin',(2.72,-7.,3.43));
#5248=CARTESIAN_POINT('',(2.82,-6.9,3.43));
#5249=CARTESIAN_POINT('',(2.753333333333,-6.966666666667,3.496666666667));
#5250=CARTESIAN_POINT('',(2.82,-6.9,3.43));
#5251=CARTESIAN_POINT('Origin',(2.82,-7.,3.53));
#5252=CARTESIAN_POINT('',(2.18,-6.9,3.43));
#5253=CARTESIAN_POINT('',(2.353333333333,-7.073333333333,3.603333333333));
#5254=CARTESIAN_POINT('',(2.82,-6.9,3.43));
#5255=CARTESIAN_POINT('Origin',(2.28,-7.,3.43));
#5256=CARTESIAN_POINT('',(2.18,-6.9,3.43));
#5257=CARTESIAN_POINT('Origin',(2.82,-0.74,3.43));
#5258=CARTESIAN_POINT('',(2.18,-0.79,3.43));
#5259=CARTESIAN_POINT('',(2.18,-1.077508394896,3.43));
#5260=CARTESIAN_POINT('',(2.82,-0.79,3.43));
#5261=CARTESIAN_POINT('',(2.82,-0.79,3.43));
#5262=CARTESIAN_POINT('',(2.82,-1.077508394896,3.43));
#5263=CARTESIAN_POINT('Origin',(2.18,-2.255016789792,1.889983210208));
#5264=CARTESIAN_POINT('',(2.18,-0.79,4.07));
#5265=CARTESIAN_POINT('',(2.18,-7.52,4.07));
#5266=CARTESIAN_POINT('',(2.18,-0.1,3.38));
#5267=CARTESIAN_POINT('Origin',(2.18,-0.79,3.38));
#5268=CARTESIAN_POINT('',(2.18,-0.1,-3.2));
#5269=CARTESIAN_POINT('',(2.18,-0.1,4.07));
#5270=CARTESIAN_POINT('',(2.18,-0.74,-3.2));
#5271=CARTESIAN_POINT('',(2.18,-0.1,-3.2));
#5272=CARTESIAN_POINT('',(2.18,-0.74,3.38));
#5273=CARTESIAN_POINT('',(2.18,-0.74,-3.4));
#5274=CARTESIAN_POINT('Origin',(2.18,-0.79,3.38));
#5275=CARTESIAN_POINT('Origin',(2.82,-0.1,-3.4));
#5276=CARTESIAN_POINT('',(2.62,-0.3,-3.4));
#5277=CARTESIAN_POINT('',(2.38,-0.3,-3.4));
#5278=CARTESIAN_POINT('',(2.82,-0.3,-3.4));
#5279=CARTESIAN_POINT('',(2.62,-0.54,-3.4));
#5280=CARTESIAN_POINT('',(2.62,-0.1,-3.4));
#5281=CARTESIAN_POINT('',(2.38,-0.54,-3.4));
#5282=CARTESIAN_POINT('',(2.82,-0.54,-3.4));
#5283=CARTESIAN_POINT('',(2.38,-0.1,-3.4));
#5284=CARTESIAN_POINT('Origin',(2.82,-0.2,-3.3));
#5285=CARTESIAN_POINT('',(2.82,-0.1,-3.2));
#5286=CARTESIAN_POINT('',(2.753333333333,-0.166666666667,-3.266666666667));
#5287=CARTESIAN_POINT('',(2.353333333333,-0.273333333333,-3.373333333333));
#5288=CARTESIAN_POINT('',(2.82,-0.1,-3.2));
#5289=CARTESIAN_POINT('Origin',(2.82,-0.64,-3.3));
#5290=CARTESIAN_POINT('',(2.82,-0.74,-3.2));
#5291=CARTESIAN_POINT('',(2.646666666667,-0.566666666667,-3.373333333333));
#5292=CARTESIAN_POINT('',(2.82,-0.74,-3.2));
#5293=CARTESIAN_POINT('',(2.46,-0.46,-3.48));
#5294=CARTESIAN_POINT('Origin',(2.72,-0.1,-3.3));
#5295=CARTESIAN_POINT('',(2.82,-0.1,-3.2));
#5296=CARTESIAN_POINT('Origin',(2.82,-0.79,3.38));
#5297=CARTESIAN_POINT('',(2.82,-0.79,4.07));
#5298=CARTESIAN_POINT('',(2.82,-0.1,3.38));
#5299=CARTESIAN_POINT('Origin',(2.82,-0.79,3.38));
#5300=CARTESIAN_POINT('',(2.82,-0.1,3.38));
#5301=CARTESIAN_POINT('',(2.82,-0.79,4.07));
#5302=CARTESIAN_POINT('Origin',(2.82,-0.1,4.07));
#5303=CARTESIAN_POINT('',(2.82,-0.1,4.07));
#5304=CARTESIAN_POINT('Origin',(2.28,-0.1,-3.3));
#5305=CARTESIAN_POINT('Origin',(2.82,-0.74,-3.4));
#5306=CARTESIAN_POINT('',(2.82,-0.74,3.38));
#5307=CARTESIAN_POINT('',(2.82,-0.74,-3.4));
#5308=CARTESIAN_POINT('',(2.82,-0.74,3.38));
#5309=CARTESIAN_POINT('Origin',(2.82,-0.79,3.38));
#5310=CARTESIAN_POINT('Origin',(2.82,-0.79,3.38));
#5311=CARTESIAN_POINT('Origin',(2.82,-7.52,4.07));
#5312=CARTESIAN_POINT('',(2.82,-4.467508394896,4.07));
#5313=CARTESIAN_POINT('Origin',(2.82,-2.255016789792,1.889983210208));
#5314=CARTESIAN_POINT('',(0.,0.,0.));
#5315=CARTESIAN_POINT('Origin',(5.32,-7.1,3.43));
#5316=CARTESIAN_POINT('',(5.12,-7.1,3.63));
#5317=CARTESIAN_POINT('',(4.88,-7.1,3.63));
#5318=CARTESIAN_POINT('',(5.32,-7.1,3.63));
#5319=CARTESIAN_POINT('',(5.12,-7.1,3.87));
#5320=CARTESIAN_POINT('',(5.12,-7.1,3.43));
#5321=CARTESIAN_POINT('',(4.88,-7.1,3.87));
#5322=CARTESIAN_POINT('',(5.32,-7.1,3.87));
#5323=CARTESIAN_POINT('',(4.88,-7.1,3.43));
#5324=CARTESIAN_POINT('Origin',(5.32,-7.,3.53));
#5325=CARTESIAN_POINT('',(5.32,-6.9,3.43));
#5326=CARTESIAN_POINT('',(5.253333333333,-6.966666666667,3.496666666667));
#5327=CARTESIAN_POINT('',(4.68,-6.9,3.43));
#5328=CARTESIAN_POINT('',(4.853333333333,-7.073333333333,3.603333333333));
#5329=CARTESIAN_POINT('',(5.32,-6.9,3.43));
#5330=CARTESIAN_POINT('Origin',(4.78,-7.,3.43));
#5331=CARTESIAN_POINT('',(4.68,-6.9,4.07));
#5332=CARTESIAN_POINT('',(4.96,-7.18,3.79));
#5333=CARTESIAN_POINT('',(4.68,-6.9,3.43));
#5334=CARTESIAN_POINT('Origin',(5.32,-7.,3.97));
#5335=CARTESIAN_POINT('',(5.32,-6.9,4.07));
#5336=CARTESIAN_POINT('',(5.146666666667,-7.073333333333,3.896666666667));
#5337=CARTESIAN_POINT('',(5.32,-6.9,4.07));
#5338=CARTESIAN_POINT('Origin',(5.22,-7.,3.43));
#5339=CARTESIAN_POINT('',(5.32,-6.9,3.43));
#5340=CARTESIAN_POINT('Origin',(5.32,-0.74,3.43));
#5341=CARTESIAN_POINT('',(4.68,-0.79,3.43));
#5342=CARTESIAN_POINT('',(4.68,-1.077508394896,3.43));
#5343=CARTESIAN_POINT('',(5.32,-0.79,3.43));
#5344=CARTESIAN_POINT('',(5.32,-0.79,3.43));
#5345=CARTESIAN_POINT('',(5.32,-0.74,3.43));
#5346=CARTESIAN_POINT('Origin',(4.68,-2.255016789792,1.889983210208));
#5347=CARTESIAN_POINT('',(4.68,-0.79,4.07));
#5348=CARTESIAN_POINT('',(4.68,-4.467508394896,4.07));
#5349=CARTESIAN_POINT('',(4.68,-0.1,3.38));
#5350=CARTESIAN_POINT('Origin',(4.68,-0.79,3.38));
#5351=CARTESIAN_POINT('',(4.68,-0.1,-3.2));
#5352=CARTESIAN_POINT('',(4.68,-0.1,4.07));
#5353=CARTESIAN_POINT('',(4.68,-0.74,-3.2));
#5354=CARTESIAN_POINT('',(4.68,-0.1,-3.2));
#5355=CARTESIAN_POINT('',(4.68,-0.74,3.38));
#5356=CARTESIAN_POINT('',(4.68,-0.74,-3.4));
#5357=CARTESIAN_POINT('Origin',(4.68,-0.79,3.38));
#5358=CARTESIAN_POINT('Origin',(5.32,-0.1,-3.4));
#5359=CARTESIAN_POINT('',(5.12,-0.3,-3.4));
#5360=CARTESIAN_POINT('',(4.88,-0.3,-3.4));
#5361=CARTESIAN_POINT('',(5.32,-0.3,-3.4));
#5362=CARTESIAN_POINT('',(5.12,-0.54,-3.4));
#5363=CARTESIAN_POINT('',(5.12,-0.1,-3.4));
#5364=CARTESIAN_POINT('',(4.88,-0.54,-3.4));
#5365=CARTESIAN_POINT('',(5.32,-0.54,-3.4));
#5366=CARTESIAN_POINT('',(4.88,-0.1,-3.4));
#5367=CARTESIAN_POINT('Origin',(5.32,-0.2,-3.3));
#5368=CARTESIAN_POINT('',(5.32,-0.1,-3.2));
#5369=CARTESIAN_POINT('',(5.253333333333,-0.166666666667,-3.266666666667));
#5370=CARTESIAN_POINT('',(4.853333333333,-0.273333333333,-3.373333333333));
#5371=CARTESIAN_POINT('',(5.32,-0.1,-3.2));
#5372=CARTESIAN_POINT('Origin',(5.32,-0.64,-3.3));
#5373=CARTESIAN_POINT('',(5.32,-0.74,-3.2));
#5374=CARTESIAN_POINT('',(5.146666666667,-0.566666666667,-3.373333333333));
#5375=CARTESIAN_POINT('',(5.32,-0.74,-3.2));
#5376=CARTESIAN_POINT('',(4.96,-0.46,-3.48));
#5377=CARTESIAN_POINT('Origin',(4.78,-0.1,-3.3));
#5378=CARTESIAN_POINT('Origin',(5.32,-0.79,3.38));
#5379=CARTESIAN_POINT('',(5.32,-0.79,4.07));
#5380=CARTESIAN_POINT('',(5.32,-0.1,3.38));
#5381=CARTESIAN_POINT('Origin',(5.32,-0.79,3.38));
#5382=CARTESIAN_POINT('',(5.32,-0.1,3.38));
#5383=CARTESIAN_POINT('',(5.32,-0.79,4.07));
#5384=CARTESIAN_POINT('Origin',(5.32,-0.1,4.07));
#5385=CARTESIAN_POINT('',(5.32,-0.1,4.07));
#5386=CARTESIAN_POINT('Origin',(5.22,-0.1,-3.3));
#5387=CARTESIAN_POINT('',(5.32,-0.1,-3.2));
#5388=CARTESIAN_POINT('Origin',(5.32,-0.74,-3.4));
#5389=CARTESIAN_POINT('',(5.32,-0.74,3.38));
#5390=CARTESIAN_POINT('',(5.32,-0.74,-3.4));
#5391=CARTESIAN_POINT('',(5.32,-0.74,3.38));
#5392=CARTESIAN_POINT('Origin',(5.32,-0.79,3.38));
#5393=CARTESIAN_POINT('Origin',(5.32,-0.79,3.38));
#5394=CARTESIAN_POINT('Origin',(5.32,-7.52,4.07));
#5395=CARTESIAN_POINT('',(5.32,-4.467508394896,4.07));
#5396=CARTESIAN_POINT('Origin',(5.32,-2.255016789792,1.889983210208));
#5397=CARTESIAN_POINT('',(0.,0.,0.));
#5398=CARTESIAN_POINT('Origin',(7.82,-0.1,-3.4));
#5399=CARTESIAN_POINT('',(7.62,-0.3,-3.4));
#5400=CARTESIAN_POINT('',(7.38,-0.3,-3.4));
#5401=CARTESIAN_POINT('',(7.82,-0.3,-3.4));
#5402=CARTESIAN_POINT('',(7.62,-0.54,-3.4));
#5403=CARTESIAN_POINT('',(7.62,-0.1,-3.4));
#5404=CARTESIAN_POINT('',(7.38,-0.54,-3.4));
#5405=CARTESIAN_POINT('',(7.82,-0.54,-3.4));
#5406=CARTESIAN_POINT('',(7.38,-0.1,-3.4));
#5407=CARTESIAN_POINT('Origin',(7.82,-0.2,-3.3));
#5408=CARTESIAN_POINT('',(7.82,-0.1,-3.2));
#5409=CARTESIAN_POINT('',(7.753333333333,-0.166666666667,-3.266666666667));
#5410=CARTESIAN_POINT('',(7.18,-0.1,-3.2));
#5411=CARTESIAN_POINT('',(7.353333333333,-0.273333333333,-3.373333333333));
#5412=CARTESIAN_POINT('',(7.82,-0.1,-3.2));
#5413=CARTESIAN_POINT('Origin',(7.82,-0.64,-3.3));
#5414=CARTESIAN_POINT('',(7.82,-0.74,-3.2));
#5415=CARTESIAN_POINT('',(7.646666666667,-0.566666666667,-3.373333333333));
#5416=CARTESIAN_POINT('',(7.18,-0.74,-3.2));
#5417=CARTESIAN_POINT('',(7.82,-0.74,-3.2));
#5418=CARTESIAN_POINT('',(7.46,-0.46,-3.48));
#5419=CARTESIAN_POINT('Origin',(7.72,-0.1,-3.3));
#5420=CARTESIAN_POINT('',(7.82,-0.1,-3.2));
#5421=CARTESIAN_POINT('Origin',(7.82,-0.79,3.38));
#5422=CARTESIAN_POINT('',(7.82,-0.79,4.07));
#5423=CARTESIAN_POINT('',(7.82,-0.1,3.38));
#5424=CARTESIAN_POINT('Origin',(7.82,-0.79,3.38));
#5425=CARTESIAN_POINT('',(7.18,-0.1,3.38));
#5426=CARTESIAN_POINT('',(7.82,-0.1,3.38));
#5427=CARTESIAN_POINT('',(7.18,-0.79,4.07));
#5428=CARTESIAN_POINT('Origin',(7.18,-0.79,3.38));
#5429=CARTESIAN_POINT('',(7.82,-0.79,4.07));
#5430=CARTESIAN_POINT('Origin',(7.82,-0.1,4.07));
#5431=CARTESIAN_POINT('',(7.82,-0.1,4.07));
#5432=CARTESIAN_POINT('',(7.18,-0.1,4.07));
#5433=CARTESIAN_POINT('Origin',(7.28,-0.1,-3.3));
#5434=CARTESIAN_POINT('',(7.18,-0.1,-3.2));
#5435=CARTESIAN_POINT('Origin',(7.82,-0.74,-3.4));
#5436=CARTESIAN_POINT('',(7.82,-0.74,3.38));
#5437=CARTESIAN_POINT('',(7.82,-0.74,-3.4));
#5438=CARTESIAN_POINT('',(7.18,-0.74,3.38));
#5439=CARTESIAN_POINT('',(7.82,-0.74,3.38));
#5440=CARTESIAN_POINT('',(7.18,-0.74,-3.4));
#5441=CARTESIAN_POINT('Origin',(7.82,-0.79,3.38));
#5442=CARTESIAN_POINT('',(7.82,-0.79,3.43));
#5443=CARTESIAN_POINT('Origin',(7.82,-0.79,3.38));
#5444=CARTESIAN_POINT('',(7.18,-0.79,3.43));
#5445=CARTESIAN_POINT('',(7.82,-0.79,3.43));
#5446=CARTESIAN_POINT('Origin',(7.18,-0.79,3.38));
#5447=CARTESIAN_POINT('Origin',(0.32,-7.1,4.07));
#5448=CARTESIAN_POINT('',(7.18,-6.9,4.07));
#5449=CARTESIAN_POINT('',(7.18,-4.467508394896,4.07));
#5450=CARTESIAN_POINT('',(7.82,-6.9,4.07));
#5451=CARTESIAN_POINT('',(7.82,-6.9,4.07));
#5452=CARTESIAN_POINT('',(7.82,-4.467508394896,4.07));
#5453=CARTESIAN_POINT('Origin',(7.18,-1.835016789792,1.889983210208));
#5454=CARTESIAN_POINT('',(7.18,-6.9,3.43));
#5455=CARTESIAN_POINT('',(7.18,-1.077508394896,3.43));
#5456=CARTESIAN_POINT('',(7.18,-6.9,3.43));
#5457=CARTESIAN_POINT('Origin',(7.28,-7.,3.43));
#5458=CARTESIAN_POINT('',(7.38,-7.1,3.63));
#5459=CARTESIAN_POINT('',(7.353333333333,-7.073333333333,3.603333333333));
#5460=CARTESIAN_POINT('',(7.38,-7.1,3.87));
#5461=CARTESIAN_POINT('',(7.38,-7.1,3.43));
#5462=CARTESIAN_POINT('',(7.46,-7.18,3.79));
#5463=CARTESIAN_POINT('Origin',(7.82,-7.,3.53));
#5464=CARTESIAN_POINT('',(7.82,-6.9,3.43));
#5465=CARTESIAN_POINT('',(7.62,-7.1,3.63));
#5466=CARTESIAN_POINT('',(7.753333333333,-6.966666666667,3.496666666667));
#5467=CARTESIAN_POINT('',(7.82,-7.1,3.63));
#5468=CARTESIAN_POINT('',(7.82,-6.9,3.43));
#5469=CARTESIAN_POINT('Origin',(7.72,-7.,3.43));
#5470=CARTESIAN_POINT('',(7.82,-6.9,3.43));
#5471=CARTESIAN_POINT('',(7.62,-7.1,3.87));
#5472=CARTESIAN_POINT('',(7.646666666667,-7.073333333333,3.896666666667));
#5473=CARTESIAN_POINT('',(7.62,-7.1,3.43));
#5474=CARTESIAN_POINT('Origin',(7.82,-7.,3.97));
#5475=CARTESIAN_POINT('',(7.82,-7.1,3.87));
#5476=CARTESIAN_POINT('Origin',(7.82,-7.1,3.43));
#5477=CARTESIAN_POINT('Origin',(7.82,-1.835016789792,1.889983210208));
#5478=CARTESIAN_POINT('',(7.82,-0.74,3.43));
#5479=CARTESIAN_POINT('Origin',(7.82,-0.32,3.43));
#5480=CARTESIAN_POINT('',(0.,0.,0.));
#5481=CARTESIAN_POINT('Origin',(10.32,-0.1,-3.4));
#5482=CARTESIAN_POINT('',(10.12,-0.3,-3.4));
#5483=CARTESIAN_POINT('',(9.88,-0.3,-3.4));
#5484=CARTESIAN_POINT('',(10.32,-0.3,-3.4));
#5485=CARTESIAN_POINT('',(10.12,-0.54,-3.4));
#5486=CARTESIAN_POINT('',(10.12,-0.1,-3.4));
#5487=CARTESIAN_POINT('',(9.88,-0.54,-3.4));
#5488=CARTESIAN_POINT('',(10.32,-0.54,-3.4));
#5489=CARTESIAN_POINT('',(9.88,-0.1,-3.4));
#5490=CARTESIAN_POINT('Origin',(10.32,-0.2,-3.3));
#5491=CARTESIAN_POINT('',(10.32,-0.1,-3.2));
#5492=CARTESIAN_POINT('',(10.253333333333,-0.166666666667,-3.266666666667));
#5493=CARTESIAN_POINT('',(9.68,-0.1,-3.2));
#5494=CARTESIAN_POINT('',(9.853333333333,-0.273333333333,-3.373333333333));
#5495=CARTESIAN_POINT('',(10.32,-0.1,-3.2));
#5496=CARTESIAN_POINT('Origin',(10.32,-0.64,-3.3));
#5497=CARTESIAN_POINT('',(10.32,-0.74,-3.2));
#5498=CARTESIAN_POINT('',(10.146666666667,-0.566666666667,-3.373333333333));
#5499=CARTESIAN_POINT('',(9.68,-0.74,-3.2));
#5500=CARTESIAN_POINT('',(10.32,-0.74,-3.2));
#5501=CARTESIAN_POINT('',(9.96,-0.46,-3.48));
#5502=CARTESIAN_POINT('Origin',(10.22,-0.1,-3.3));
#5503=CARTESIAN_POINT('',(10.32,-0.1,-3.2));
#5504=CARTESIAN_POINT('Origin',(10.32,-0.79,3.38));
#5505=CARTESIAN_POINT('',(10.32,-0.79,4.07));
#5506=CARTESIAN_POINT('',(10.32,-0.1,3.38));
#5507=CARTESIAN_POINT('Origin',(10.32,-0.79,3.38));
#5508=CARTESIAN_POINT('',(9.68,-0.1,3.38));
#5509=CARTESIAN_POINT('',(10.32,-0.1,3.38));
#5510=CARTESIAN_POINT('',(9.68,-0.79,4.07));
#5511=CARTESIAN_POINT('Origin',(9.68,-0.79,3.38));
#5512=CARTESIAN_POINT('',(10.32,-0.79,4.07));
#5513=CARTESIAN_POINT('Origin',(10.32,-0.1,4.07));
#5514=CARTESIAN_POINT('',(10.32,-0.1,4.07));
#5515=CARTESIAN_POINT('',(9.68,-0.1,4.07));
#5516=CARTESIAN_POINT('Origin',(9.78,-0.1,-3.3));
#5517=CARTESIAN_POINT('',(9.68,-0.1,-3.2));
#5518=CARTESIAN_POINT('Origin',(10.32,-0.74,-3.4));
#5519=CARTESIAN_POINT('',(10.32,-0.74,3.38));
#5520=CARTESIAN_POINT('',(10.32,-0.74,-3.4));
#5521=CARTESIAN_POINT('',(9.68,-0.74,3.38));
#5522=CARTESIAN_POINT('',(10.32,-0.74,3.38));
#5523=CARTESIAN_POINT('',(9.68,-0.74,-3.4));
#5524=CARTESIAN_POINT('Origin',(10.32,-0.79,3.38));
#5525=CARTESIAN_POINT('',(10.32,-0.79,3.43));
#5526=CARTESIAN_POINT('Origin',(10.32,-0.79,3.38));
#5527=CARTESIAN_POINT('',(9.68,-0.79,3.43));
#5528=CARTESIAN_POINT('',(10.32,-0.79,3.43));
#5529=CARTESIAN_POINT('Origin',(9.68,-0.79,3.38));
#5530=CARTESIAN_POINT('Origin',(2.82,-7.1,4.07));
#5531=CARTESIAN_POINT('',(9.68,-6.9,4.07));
#5532=CARTESIAN_POINT('',(9.68,-4.467508394896,4.07));
#5533=CARTESIAN_POINT('',(10.32,-6.9,4.07));
#5534=CARTESIAN_POINT('',(10.32,-6.9,4.07));
#5535=CARTESIAN_POINT('',(10.32,-4.467508394896,4.07));
#5536=CARTESIAN_POINT('Origin',(9.68,-1.835016789792,1.889983210208));
#5537=CARTESIAN_POINT('',(9.68,-6.9,3.43));
#5538=CARTESIAN_POINT('',(9.68,-1.077508394896,3.43));
#5539=CARTESIAN_POINT('',(9.68,-6.9,3.43));
#5540=CARTESIAN_POINT('Origin',(9.78,-7.,3.43));
#5541=CARTESIAN_POINT('',(9.88,-7.1,3.63));
#5542=CARTESIAN_POINT('',(9.853333333333,-7.073333333333,3.603333333333));
#5543=CARTESIAN_POINT('',(9.88,-7.1,3.87));
#5544=CARTESIAN_POINT('',(9.88,-7.1,3.43));
#5545=CARTESIAN_POINT('',(9.96,-7.18,3.79));
#5546=CARTESIAN_POINT('Origin',(10.32,-7.,3.53));
#5547=CARTESIAN_POINT('',(10.32,-6.9,3.43));
#5548=CARTESIAN_POINT('',(10.12,-7.1,3.63));
#5549=CARTESIAN_POINT('',(10.253333333333,-6.966666666667,3.496666666667));
#5550=CARTESIAN_POINT('',(10.32,-7.1,3.63));
#5551=CARTESIAN_POINT('',(10.32,-6.9,3.43));
#5552=CARTESIAN_POINT('Origin',(10.22,-7.,3.43));
#5553=CARTESIAN_POINT('',(10.32,-6.9,3.43));
#5554=CARTESIAN_POINT('',(10.12,-7.1,3.87));
#5555=CARTESIAN_POINT('',(10.146666666667,-7.073333333333,3.896666666667));
#5556=CARTESIAN_POINT('',(10.12,-7.1,3.43));
#5557=CARTESIAN_POINT('Origin',(10.32,-7.,3.97));
#5558=CARTESIAN_POINT('',(10.32,-7.1,3.87));
#5559=CARTESIAN_POINT('Origin',(10.32,-7.1,3.43));
#5560=CARTESIAN_POINT('Origin',(10.32,-1.835016789792,1.889983210208));
#5561=CARTESIAN_POINT('',(10.32,-0.74,3.43));
#5562=CARTESIAN_POINT('Origin',(10.32,-0.32,3.43));
#5563=CARTESIAN_POINT('',(0.,0.,0.));
#5564=CARTESIAN_POINT('',(0.,0.,0.));
#5565=CARTESIAN_POINT('',(0.,0.,0.));
#5566=CARTESIAN_POINT('',(0.,0.,0.));
#5567=CARTESIAN_POINT('',(0.,0.,0.));
#5568=CARTESIAN_POINT('',(0.,0.,0.));
#5569=CARTESIAN_POINT('',(0.,0.,0.));
#5570=UNCERTAINTY_MEASURE_WITH_UNIT(LENGTH_MEASURE(0.01),#5588,
'DISTANCE_ACCURACY_VALUE',
'Maximum model space distance between geometric entities at asserted c
onnectivities');
#5571=UNCERTAINTY_MEASURE_WITH_UNIT(LENGTH_MEASURE(0.01),#5588,
'DISTANCE_ACCURACY_VALUE',
'Maximum model space distance between geometric entities at asserted c
onnectivities');
#5572=UNCERTAINTY_MEASURE_WITH_UNIT(LENGTH_MEASURE(0.01),#5588,
'DISTANCE_ACCURACY_VALUE',
'Maximum model space distance between geometric entities at asserted c
onnectivities');
#5573=UNCERTAINTY_MEASURE_WITH_UNIT(LENGTH_MEASURE(0.01),#5588,
'DISTANCE_ACCURACY_VALUE',
'Maximum model space distance between geometric entities at asserted c
onnectivities');
#5574=UNCERTAINTY_MEASURE_WITH_UNIT(LENGTH_MEASURE(0.01),#5588,
'DISTANCE_ACCURACY_VALUE',
'Maximum model space distance between geometric entities at asserted c
onnectivities');
#5575=UNCERTAINTY_MEASURE_WITH_UNIT(LENGTH_MEASURE(0.01),#5588,
'DISTANCE_ACCURACY_VALUE',
'Maximum model space distance between geometric entities at asserted c
onnectivities');
#5576=UNCERTAINTY_MEASURE_WITH_UNIT(LENGTH_MEASURE(0.01),#5588,
'DISTANCE_ACCURACY_VALUE',
'Maximum model space distance between geometric entities at asserted c
onnectivities');
#5577=UNCERTAINTY_MEASURE_WITH_UNIT(LENGTH_MEASURE(0.01),#5588,
'DISTANCE_ACCURACY_VALUE',
'Maximum model space distance between geometric entities at asserted c
onnectivities');
#5578=UNCERTAINTY_MEASURE_WITH_UNIT(LENGTH_MEASURE(0.01),#5588,
'DISTANCE_ACCURACY_VALUE',
'Maximum model space distance between geometric entities at asserted c
onnectivities');
#5579=(
GEOMETRIC_REPRESENTATION_CONTEXT(3)
GLOBAL_UNCERTAINTY_ASSIGNED_CONTEXT((#5570))
GLOBAL_UNIT_ASSIGNED_CONTEXT((#5588,#5590,#5591))
REPRESENTATION_CONTEXT('','3D')
);
#5580=(
GEOMETRIC_REPRESENTATION_CONTEXT(3)
GLOBAL_UNCERTAINTY_ASSIGNED_CONTEXT((#5571))
GLOBAL_UNIT_ASSIGNED_CONTEXT((#5588,#5590,#5591))
REPRESENTATION_CONTEXT('','3D')
);
#5581=(
GEOMETRIC_REPRESENTATION_CONTEXT(3)
GLOBAL_UNCERTAINTY_ASSIGNED_CONTEXT((#5572))
GLOBAL_UNIT_ASSIGNED_CONTEXT((#5588,#5590,#5591))
REPRESENTATION_CONTEXT('','3D')
);
#5582=(
GEOMETRIC_REPRESENTATION_CONTEXT(3)
GLOBAL_UNCERTAINTY_ASSIGNED_CONTEXT((#5573))
GLOBAL_UNIT_ASSIGNED_CONTEXT((#5588,#5590,#5591))
REPRESENTATION_CONTEXT('','3D')
);
#5583=(
GEOMETRIC_REPRESENTATION_CONTEXT(3)
GLOBAL_UNCERTAINTY_ASSIGNED_CONTEXT((#5574))
GLOBAL_UNIT_ASSIGNED_CONTEXT((#5588,#5590,#5591))
REPRESENTATION_CONTEXT('','3D')
);
#5584=(
GEOMETRIC_REPRESENTATION_CONTEXT(3)
GLOBAL_UNCERTAINTY_ASSIGNED_CONTEXT((#5575))
GLOBAL_UNIT_ASSIGNED_CONTEXT((#5588,#5590,#5591))
REPRESENTATION_CONTEXT('','3D')
);
#5585=(
GEOMETRIC_REPRESENTATION_CONTEXT(3)
GLOBAL_UNCERTAINTY_ASSIGNED_CONTEXT((#5576))
GLOBAL_UNIT_ASSIGNED_CONTEXT((#5588,#5590,#5591))
REPRESENTATION_CONTEXT('','3D')
);
#5586=(
GEOMETRIC_REPRESENTATION_CONTEXT(3)
GLOBAL_UNCERTAINTY_ASSIGNED_CONTEXT((#5577))
GLOBAL_UNIT_ASSIGNED_CONTEXT((#5588,#5590,#5591))
REPRESENTATION_CONTEXT('','3D')
);
#5587=(
GEOMETRIC_REPRESENTATION_CONTEXT(3)
GLOBAL_UNCERTAINTY_ASSIGNED_CONTEXT((#5578))
GLOBAL_UNIT_ASSIGNED_CONTEXT((#5588,#5590,#5591))
REPRESENTATION_CONTEXT('','3D')
);
#5588=(
LENGTH_UNIT()
NAMED_UNIT(*)
SI_UNIT(.MILLI.,.METRE.)
);
#5589=(
LENGTH_UNIT()
NAMED_UNIT(*)
SI_UNIT($,.METRE.)
);
#5590=(
NAMED_UNIT(*)
PLANE_ANGLE_UNIT()
SI_UNIT($,.RADIAN.)
);
#5591=(
NAMED_UNIT(*)
SI_UNIT($,.STERADIAN.)
SOLID_ANGLE_UNIT()
);
#5592=SHAPE_DEFINITION_REPRESENTATION(#5600,#5615);
#5593=SHAPE_DEFINITION_REPRESENTATION(#5601,#5616);
#5594=SHAPE_DEFINITION_REPRESENTATION(#5602,#5617);
#5595=SHAPE_DEFINITION_REPRESENTATION(#5603,#5618);
#5596=SHAPE_DEFINITION_REPRESENTATION(#5604,#5619);
#5597=SHAPE_DEFINITION_REPRESENTATION(#5605,#5620);
#5598=SHAPE_DEFINITION_REPRESENTATION(#5606,#5621);
#5599=SHAPE_DEFINITION_REPRESENTATION(#5607,#5622);
#5600=PRODUCT_DEFINITION_SHAPE('',$,#5624);
#5601=PRODUCT_DEFINITION_SHAPE('',$,#5625);
#5602=PRODUCT_DEFINITION_SHAPE('',$,#5626);
#5603=PRODUCT_DEFINITION_SHAPE('',$,#5627);
#5604=PRODUCT_DEFINITION_SHAPE('',$,#5628);
#5605=PRODUCT_DEFINITION_SHAPE('',$,#5629);
#5606=PRODUCT_DEFINITION_SHAPE('',$,#5630);
#5607=PRODUCT_DEFINITION_SHAPE('',$,#5631);
#5608=PRODUCT_DEFINITION_SHAPE($,$,#32);
#5609=PRODUCT_DEFINITION_SHAPE($,$,#33);
#5610=PRODUCT_DEFINITION_SHAPE($,$,#34);
#5611=PRODUCT_DEFINITION_SHAPE($,$,#35);
#5612=PRODUCT_DEFINITION_SHAPE($,$,#36);
#5613=PRODUCT_DEFINITION_SHAPE($,$,#37);
#5614=PRODUCT_DEFINITION_SHAPE($,$,#38);
#5615=SHAPE_REPRESENTATION('',(#3516,#3738),#5579);
#5616=SHAPE_REPRESENTATION('',(#3517,#3732,#3733,#3734,#3735,#3736,#3737),
#5580);
#5617=SHAPE_REPRESENTATION('',(#3518),#5581);
#5618=SHAPE_REPRESENTATION('',(#3617),#5582);
#5619=SHAPE_REPRESENTATION('',(#3640),#5583);
#5620=SHAPE_REPRESENTATION('',(#3663),#5584);
#5621=SHAPE_REPRESENTATION('',(#3686),#5585);
#5622=SHAPE_REPRESENTATION('',(#3709),#5586);
#5623=PRODUCT_DEFINITION_CONTEXT('part definition',#5649,'design');
#5624=PRODUCT_DEFINITION('2026-05-28-19-58-38-330',
'JST_XH_S5B-XH-A-1_1x05_P2.50mm_Horizontal',#5632,#5623);
#5625=PRODUCT_DEFINITION('2026-05-28-19-58-38-334','S5B-XH-A',#5633,#5623);
#5626=PRODUCT_DEFINITION('2026-05-28-19-58-38-335','House',#5634,#5623);
#5627=PRODUCT_DEFINITION('2026-05-28-19-58-38-337','1',#5635,#5623);
#5628=PRODUCT_DEFINITION('2026-05-28-19-58-38-337_1','2',#5636,#5623);
#5629=PRODUCT_DEFINITION('2026-05-28-19-58-38-337_2','3',#5637,#5623);
#5630=PRODUCT_DEFINITION('2026-05-28-19-58-38-338','4',#5638,#5623);
#5631=PRODUCT_DEFINITION('2026-05-28-19-58-38-338_1','5',#5639,#5623);
#5632=PRODUCT_DEFINITION_FORMATION('',$,#5651);
#5633=PRODUCT_DEFINITION_FORMATION('',$,#5652);
#5634=PRODUCT_DEFINITION_FORMATION('',$,#5653);
#5635=PRODUCT_DEFINITION_FORMATION('',$,#5654);
#5636=PRODUCT_DEFINITION_FORMATION('',$,#5655);
#5637=PRODUCT_DEFINITION_FORMATION('',$,#5656);
#5638=PRODUCT_DEFINITION_FORMATION('',$,#5657);
#5639=PRODUCT_DEFINITION_FORMATION('',$,#5658);
#5640=PRODUCT_RELATED_PRODUCT_CATEGORY(
'JST_XH_S5B-XH-A-1_1x05_P2.50mm_Horizontal',
'JST_XH_S5B-XH-A-1_1x05_P2.50mm_Horizontal',(#5651));
#5641=PRODUCT_RELATED_PRODUCT_CATEGORY('S5B-XH-A','S5B-XH-A',(#5652));
#5642=PRODUCT_RELATED_PRODUCT_CATEGORY('House','House',(#5653));
#5643=PRODUCT_RELATED_PRODUCT_CATEGORY('1','1',(#5654));
#5644=PRODUCT_RELATED_PRODUCT_CATEGORY('2','2',(#5655));
#5645=PRODUCT_RELATED_PRODUCT_CATEGORY('3','3',(#5656));
#5646=PRODUCT_RELATED_PRODUCT_CATEGORY('4','4',(#5657));
#5647=PRODUCT_RELATED_PRODUCT_CATEGORY('5','5',(#5658));
#5648=APPLICATION_PROTOCOL_DEFINITION('international standard',
'automotive_design',2009,#5649);
#5649=APPLICATION_CONTEXT(
'Core Data for Automotive Mechanical Design Process');
#5650=PRODUCT_CONTEXT('part definition',#5649,'mechanical');
#5651=PRODUCT('2026-05-28-19-58-38-330',
'JST_XH_S5B-XH-A-1_1x05_P2.50mm_Horizontal',
'model of JST_XH_S5B-XH-A-1_1x05_P2.50mm_Horizontal',(#5650));
#5652=PRODUCT('2026-05-28-19-58-38-334','S5B-XH-A',$,(#5650));
#5653=PRODUCT('2026-05-28-19-58-38-335','House',$,(#5650));
#5654=PRODUCT('2026-05-28-19-58-38-337','1',$,(#5650));
#5655=PRODUCT('2026-05-28-19-58-38-337_1','2',$,(#5650));
#5656=PRODUCT('2026-05-28-19-58-38-337_2','3',$,(#5650));
#5657=PRODUCT('2026-05-28-19-58-38-338','4',$,(#5650));
#5658=PRODUCT('2026-05-28-19-58-38-338_1','5',$,(#5650));
#5659=PRESENTATION_STYLE_ASSIGNMENT((#5663));
#5660=PRESENTATION_STYLE_ASSIGNMENT((#5664));
#5661=PRESENTATION_STYLE_ASSIGNMENT((#5665));
#5662=PRESENTATION_STYLE_ASSIGNMENT((#5666));
#5663=SURFACE_STYLE_USAGE(.BOTH.,#5667);
#5664=SURFACE_STYLE_USAGE(.BOTH.,#5668);
#5665=SURFACE_STYLE_USAGE(.BOTH.,#5669);
#5666=SURFACE_STYLE_USAGE(.BOTH.,#5670);
#5667=SURFACE_SIDE_STYLE('',(#5671));
#5668=SURFACE_SIDE_STYLE('',(#5672));
#5669=SURFACE_SIDE_STYLE('',(#5673));
#5670=SURFACE_SIDE_STYLE('',(#5674));
#5671=SURFACE_STYLE_FILL_AREA(#5675);
#5672=SURFACE_STYLE_FILL_AREA(#5676);
#5673=SURFACE_STYLE_FILL_AREA(#5677);
#5674=SURFACE_STYLE_FILL_AREA(#5678);
#5675=FILL_AREA_STYLE('Stahl - satiniert',(#5679));
#5676=FILL_AREA_STYLE('ABS (Wei\X\DF)',(#5680));
#5677=FILL_AREA_STYLE('Opaque(228,227,207)',(#5681));
#5678=FILL_AREA_STYLE('Gold - poliert',(#5682));
#5679=FILL_AREA_STYLE_COLOUR('Stahl - satiniert',#5683);
#5680=FILL_AREA_STYLE_COLOUR('ABS (Wei\X\DF)',#5684);
#5681=FILL_AREA_STYLE_COLOUR('Opaque(228,227,207)',#5685);
#5682=FILL_AREA_STYLE_COLOUR('Gold - poliert',#5686);
#5683=COLOUR_RGB('Stahl - satiniert',0.627450980392157,0.627450980392157,
0.627450980392157);
#5684=COLOUR_RGB('ABS (Wei\X\DF)',0.964705882352941,0.964705882352941,0.952941176470588);
#5685=COLOUR_RGB('Opaque(228,227,207)',0.894117647058824,0.890196078431372,
0.811764705882353);
#5686=COLOUR_RGB('Gold - poliert',0.956862745098039,0.898039215686275,0.654901960784314);
ENDSEC;
END-ISO-10303-21;
